Index,Name,Address,latitude,longtitude,Phone,website,ranking,Open Hours
1,Dylan Bradshaw Hair Salon,"56 William St S, Dublin 2, D02 Y897",53.3418767,-6.262522799999999,,,4.9,"['Closed', 'Closed', '9a.m.–6p.m.', '9a.m.–9p.m.', '9a.m.–9p.m.', '9a.m.–6p.m.', '9a.m.–6p.m.']"
2,Great Lengths Hair Salon,"Main St, Clare Commons, Kildysart, Co. Clare",52.8149824,-8.9637558,None,None,None,[]
3,Aura Hair Specialists Ireland,"The Square, Townparks, Castlepollard, Co. Westmeath, N91 X625",53.6799203,-7.2986064,(044) 966 1234,aurahairdesign.ie,4.9,"['Closed', 'Closed', '9a.m.–5p.m.', '9a.m.–5p.m.', '9a.m.–5p.m.', '9a.m.–5p.m.', '9a.m.–5p.m.']"
4,La Vita Hair & Beauty Salon | Bridal Services | Ennis | Ireland,"75 O'Connell Street, Clonroad Beg, Ennis, Co. Clare, V95 KD83",52.8417695,-8.9839442,(065) 684 8515,lavitasalons.ie,4.7,"['Closed', '9:30a.m.–6p.m.', '9:30a.m.–6p.m.', '9:30a.m.–6p.m.', '9:30a.m.–8p.m.', '9:30a.m.–8p.m.', '9a.m.–6p.m.']"
5,Hair Salon,"Ferbane, Co. Offaly",53.27195,-7.8278719,None,None,None,[]
6,Trim Hair Salon,"45 Shelbourne Rd, Dublin 4, D04 Y4A4",53.3304712,-6.2319694,(01) 668 4108,trim4hair.ie,4.9,"['9a.m.–6p.m.', '7:30a.m.–6p.m.', '7:30a.m.–7:30p.m.', '7:30a.m.–7:30p.m.', '7:30a.m.–7:30p.m.', '7:30a.m.–7:30p.m.', '9a.m.–6p.m.']"
7,Robert Chambers Hair Salon,"69 Grafton Street, Dublin 2, D02 HC04",53.34107179999999,-6.2607051,(01) 677 1323,robertchambers.ie,4.9,"['Closed', '9:30a.m.–6p.m.', '9:30a.m.–6p.m.', '9:30a.m.–6p.m.', '9:30a.m.–8:30p.m.', '9:30a.m.–7p.m.', '9:15a.m.–5:30p.m.']"
8,Downtown Hair Styles,"12 Castle St, Athlone, Co. Westmeath, N37 W9V4",53.4229893,-7.9426165,(090) 649 3637,None,5.0,['']
9,Peter Mark Hairdressers Newry,"Albert Basin, Newry BT35 8QS, United Kingdom",54.1687155,-6.3391426,+44 28 3026 3133,petermark.ie,4.5,"['Closed', '9a.m.–6p.m.', '9a.m.–6p.m.', '9a.m.–6p.m.', '9a.m.–9p.m.', '9a.m.–9p.m.', '9a.m.–6p.m.']"
10,Pelo Hairdressing,"Newbridge Retail Park, Unit 11 Athgarvan Rd., Kilbelin, Newbridge, Co. Kildare",53.1757244,-6.8015311,(045) 450 222,pelohairdressing.ie,4.8,"['Closed', '9a.m.–6p.m.', '9a.m.–6p.m.', '9a.m.–6p.m.', '9a.m.–9p.m.', '9a.m.–9p.m.', '8a.m.–5:30p.m.']"
11,Ultimate Hair & Beauty,"Unit 8, GPO Arcade, Henry St, North City, Dublin 1, D01 F6Y9",53.348999,-6.261527999999999,(01) 873 2825,uhb.ie,4.7,"['Closed', '9a.m.–5:30p.m.', '9a.m.–5:30p.m.', '9a.m.–7p.m.', '9a.m.–8p.m.', '9a.m.–7p.m.', '9a.m.–5:30p.m.']"
12,Rachyl's Hairstudio,"28 Pearse St, Athlone, Co. Westmeath, N37 P523",53.4219813,-7.9455939,085 810 0950,None,None,[]
13,Kazumi Hair Salon,"36 Molesworth St, Dublin 2, D02 HY45",53.3410089,-6.2569998,(01) 678 5004,kazumihair.ie,4.9,"['Closed', '9:30a.m.–6p.m.', '9:30a.m.–6p.m.', '9:30a.m.–6p.m.', '9:30a.m.–8p.m.', '9:30a.m.–6p.m.', '9a.m.–5p.m.']"
14,Lunatic Fringe @ Robert Chambers,"69 Grafton Street, Dublin 2, D02 HC04",53.34107179999999,-6.2607051,(01) 679 3766,lunaticfringe.ie,4.9,"['Closed', '9:30a.m.–6p.m.', '9:30a.m.–6p.m.', '9:30a.m.–6p.m.', '9:30a.m.–8:30p.m.', '9:30a.m.–7p.m.', '9a.m.–5:30p.m.']"
15,Great Lengths Ireland,"1 Knapton Ct, York Rd, Dún Laoghaire, Dublin",53.2913532,-6.144366499999999,(01) 284 4982,None,None,[]
16,Irish Hairdressers Federation,"Suite 1 4th Floor Marine Point, Belview Port, Co. Waterford, X91 W0XW",52.2666625,-7.037745200000001,(01) 910 9070,irishhairfed.com,4.8,"['Closed', '9a.m.–1p.m.', '9a.m.–1p.m.', '9a.m.–1p.m.', '9a.m.–1p.m.', '9a.m.–1p.m.', 'Closed']"
17,Irish College of Hairdressing,"Unit 14J Liosban, Tuam Road, Galway, H91 P236",53.28633900000001,-9.034415000000001,(091) 761 445,irishcollegeofhairdressing.com,4.0,"['Closed', '9a.m.–5p.m.', '9a.m.–5p.m.', '9a.m.–5p.m.', '9a.m.–5p.m.', '9a.m.–5p.m.', 'Closed']"
18,Natural Cut,"34 Wicklow St, Dublin 2, D02 F431",53.3428688,-6.2609892,(01) 679 7130,thenaturalcut.ie,4.7,"['Closed', '10a.m.–6:30p.m.', '10a.m.–6:30p.m.', '10a.m.–6:30p.m.', '10a.m.–6:30p.m.', '10a.m.–6:30p.m.', '10a.m.–6:30p.m.']"
19,Brown Sugar,"50 William St S, Dublin 2, D02 DE93",53.3415338,-6.2627596,(01) 616 9967,brownsugar.ie,4.7,"['Closed', '9a.m.–5:30p.m.', '9a.m.–5:30p.m.', '9a.m.–7:30p.m.', '9a.m.–8p.m.', '9a.m.–6p.m.', '9a.m.–5p.m.']"
20,Mobile Hairdresser Ashbourne - Ireland,"Killegland, Ashbourne, Co. Meath",53.5112676,-6.4003688,089 226 4559,facebook.com,None,"['Open 24 hours', 'Open 24 hours', 'Open 24 hours', 'Open 24 hours', 'Open 24 hours', 'Open 24 hours', 'Open 24 hours']"
21,Nu Aesthetics @Nuala Woulfe,None,None,None,,,5.0,[]
22,"The Galligan College of Beauty, Advanced Aesthetics & Hairdressing","109 Grafton Street, Dublin 2, D02 YK64",53.3435284,-6.259527299999999,(01) 670 3933,galligancollege.ie,4.7,"['Closed', '10a.m.–7p.m.', '10a.m.–7p.m.', '10a.m.–6p.m.', '10a.m.–7p.m.', '10a.m.–6p.m.', 'Closed']"
23,David Marshall Salon & School of Hairdressing,"27 S Great, George's Street Arcade, Dublin",53.34217109999999,-6.26448,(01) 677 0598,None,4.2,"['Closed', 'Closed', '9a.m.–6p.m.', '9a.m.–6p.m.', '9a.m.–7p.m.', '9a.m.–6p.m.', '9a.m.–6p.m.']"
24,Blow Salons,None,None,None,(01) 607 0222,blow.ie,4.1,"['9:30a.m.–4p.m.', '6:30a.m.–7:30p.m.', '6:30a.m.–7:30p.m.', '6:30a.m.–7:30p.m.', '6:30a.m.–7:30p.m.', '6:30a.m.–7:30p.m.', '8:30a.m.–6p.m.']"
25,DaveyDavey Hair Salon,"24 Stephen Street Lower, Dublin 2",53.3412461,-6.2647717,(01) 607 8999,daveydavey.com,4.9,"['Closed', '9a.m.–6p.m.', '9a.m.–6p.m.', '9a.m.–6p.m.', '9a.m.–8p.m.', '9a.m.–7p.m.', '9a.m.–6p.m.']"
26,Peter Mark Hairdressers Rathfarnham,"Rathfarnham Shopping Centre Level 2 Rathfarnham, Butterfield Ave, Co. Dublin",53.2967555,-6.297553,(01) 493 3653,petermark.ie,4.6,"['Closed', '9a.m.–6p.m.', '9a.m.–6p.m.', '9a.m.–6p.m.', '9a.m.–9p.m.', '9a.m.–9p.m.', '9a.m.–5:30p.m.']"
27,Blow Salons,None,None,None,(01) 611 2664,blow.ie,4.3,"['10a.m.–6p.m.', '8:30a.m.–7p.m.', '8:30a.m.–7p.m.', '8:30a.m.–7p.m.', '8:30a.m.–8p.m.', '8:30a.m.–7p.m.', '8:30a.m.–7p.m.']"
28,Natural Cut,"34 Wicklow St, Dublin 2, D02 F431",53.3428688,-6.2609892,(01) 679 7130,thenaturalcut.ie,4.7,"['Closed', '10a.m.–6:30p.m.', '10a.m.–6:30p.m.', '10a.m.–6:30p.m.', '10a.m.–6:30p.m.', '10a.m.–6:30p.m.', '10a.m.–6:30p.m.']"
29,Black Amber - Rathfarnham,"3 St Enda's Dr, Rathfarnham, Dublin 14, D14 N7C6",53.2891482,-6.283426599999999,(01) 493 2987,blackamber.ie,4.9,"['Closed', '9a.m.–6p.m.', '9a.m.–6p.m.', '9a.m.–6p.m.', '9a.m.–9p.m.', '9a.m.–8:30p.m.', '9a.m.–6p.m.']"
30,Rapunzels,"Unit 2 St Dominics Shopping Centre, Dublin",53.2852069,-6.3553431,(01) 452 4791,None,4.5,"['Closed', 'Closed', '9:30a.m.–5:30p.m.', '9:30a.m.–5p.m.', '9:30a.m.–5:30p.m.', '9:30a.m.–6p.m.', '9:30a.m.–5p.m.']"
31,Style Club Hairdressing,"12 William St S, Dublin",53.3424902,-6.262440799999999,(01) 472 2444,styleclub.ie,4.4,"['Closed', '10a.m.–6p.m.', '10a.m.–9p.m.', '10a.m.–9p.m.', '10a.m.–9p.m.', '9a.m.–9p.m.', '9a.m.–6p.m.']"
32,Kusanta Hair Salon,"Killnarden Road, Tallaght, Dublin",53.2737006,-6.3882759,(01) 452 0604,sunbeds.ie,None,[]
33,Reds Hair Salon,"1st Floor, 21 Dawson St, Dublin, D02 TK33",53.33965749999999,-6.2585532,(01) 678 8211,reds.ie,4.4,"['Closed', 'Closed', '9:30a.m.–5:30p.m.', '9:30a.m.–5:30p.m.', '9:30a.m.–6:30p.m.', '9:30a.m.–6:30p.m.', '9:30a.m.–4:30p.m.']"
34,Platinum Hair Extensions,"Sackville House, The Times Building, D'Olier Street, Dublin",53.3462488,-6.258429,(01) 670 8639,platinumluxuryhairextensions.com,4.9,"['Closed', '9a.m.–5p.m.', '9a.m.–5p.m.', '9a.m.–8p.m.', '9a.m.–8p.m.', '9a.m.–5p.m.', '9a.m.–5p.m.']"
35,Aviary Lane,"24 Anne St S, Dublin 2",53.34097939999999,-6.2591131,(01) 611 1101,aviarylane.com,4.8,"['Closed', 'Closed', '10a.m.–6p.m.', '10a.m.–6p.m.', '10a.m.–8p.m.', '10a.m.–8p.m.', '9a.m.–6p.m.']"
36,Blow Salons,None,None,None,(01) 614 4526,blow.ie,4.3,"['10a.m.–4p.m.', '6:30a.m.–7p.m.', '6:30a.m.–7p.m.', '6:30a.m.–7p.m.', '6:30a.m.–7p.m.', '6:30a.m.–7p.m.', '9a.m.–6p.m.']"
37,Peter Mark Hairdressers Tallaght,"Belgard Square E, Tallaght, Dublin, D24 K82W",53.2882113,-6.3691135,(01) 452 4763,petermark.ie,4.6,"['11a.m.–5p.m.', '9a.m.–6p.m.', '9a.m.–6p.m.', '9a.m.–9p.m.', '9a.m.–9p.m.', '9a.m.–9p.m.', '9a.m.–6p.m.']"
38,Pelo Hairdressing,"Newbridge Retail Park, Unit 11 Athgarvan Rd., Kilbelin, Newbridge, Co. Kildare",53.1757244,-6.8015311,(045) 450 222,pelohairdressing.ie,4.8,"['Closed', '9a.m.–6p.m.', '9a.m.–6p.m.', '9a.m.–6p.m.', '9a.m.–9p.m.', '9a.m.–9p.m.', '8a.m.–5:30p.m.']"
39,Alan Keville For Hair,"2 Anne St S, Dublin, D02 KR65",53.34127909999999,-6.2600554,None,None,None,[]
40,Peter Mark Hairdressers Grafton St.,"74 Grafton Street, Dublin 2, D02 PD81",53.3414571,-6.2604505,(01) 671 4136,petermark.ie,4.3,"['11a.m.–5:30p.m.', '9a.m.–6p.m.', '9a.m.–8p.m.', '8a.m.–8p.m.', '8a.m.–8p.m.', '8a.m.–8p.m.', '9a.m.–6p.m.']"
41,DaveyDavey Hair Salon,"23 Drury St, Dublin 2, D02 YE26",53.3422267,-6.263524599999999,(01) 611 1400,daveydavey.com,5.0,"['Closed', '9a.m.–6p.m.', '9a.m.–6p.m.', '9a.m.–6p.m.', '9a.m.–8p.m.', '9a.m.–7p.m.', '9a.m.–6p.m.']"
42,Hidden Hair & Beauty Studio,"73 John McCormack Ave, Walkinstown, Dublin, D12 P8X0",53.3194417,-6.3255897,None,hiddenhairandbeautystudio.com,5.0,"['Closed', '10a.m.–7p.m.', '10a.m.–8p.m.', '10a.m.–7p.m.', '10a.m.–7p.m.', '11a.m.–8p.m.', '9a.m.–2p.m.']"
43,"The Galligan College of Beauty, Advanced Aesthetics & Hairdressing","109 Grafton Street, Dublin 2, D02 YK64",53.3435284,-6.259527299999999,,,4.7,"['Closed', '10a.m.–7p.m.', '10a.m.–7p.m.', '10a.m.–6p.m.', '10a.m.–7p.m.', '10a.m.–6p.m.', 'Closed']"
44,Nu Aesthetics @Nuala Woulfe,None,None,None,(01) 230 0244,nualawoulfe.ie,5.0,[]
45,Ceira Lambert Hair Consultancy,"Violet House, Main St, Shankill, Dublin",53.2310506,-6.1241749,(01) 442 0560,ceiralambert.com,5.0,"['Closed', 'Closed', '9a.m.–6p.m.', '9a.m.–9p.m.', '9a.m.–9p.m.', '9a.m.–6p.m.', '9a.m.–6p.m.']"
46,Hair Cafe Salon,"8a Thundercut Alley, Smithfield, Dublin 7",53.34926549999999,-6.2795195,(01) 878 8198,haircafesalon.ie,4.8,"['Closed', 'Closed', '10a.m.–6p.m.', '10a.m.–7p.m.', '9a.m.–8p.m.', '9a.m.–8p.m.', '9a.m.–5p.m.']"
47,Kris Morton Hair Salons Killester,"165-169 Howth Rd, Clontarf East, Dublin 3, D03 H6C5",53.37054819999999,-6.2068255,(01) 833 4746,cloud.3dissue.com,4.5,"['Closed', 'Closed', '9a.m.–5:30p.m.', '9a.m.–5:30p.m.', '9a.m.–5:30p.m.', '9a.m.–5:30p.m.', '9a.m.–5p.m.']"
48,Genie Mack Hair Beauty Barbers,None,None,None,(01) 537 7156,genie-mack.ie,5.0,"['Closed', 'Closed', '11a.m.–6p.m.', '11a.m.–6p.m.', '11a.m.–8p.m.', '11a.m.–8p.m.', '10a.m.–5p.m.']"
49,Zara Cox hair salon,"29 Wicklow St, Dublin, D02 N122",53.342945,-6.2613704,None,None,None,[]
50,Peter Mark Hairdressers Blanchardstown Village,"SuperValu Shopping Centre Main Street Blanchardstown, D15 TYF3",53.38617559999999,-6.378282,(01) 821 0903,petermark.ie,4.6,"['Closed', '9a.m.–6p.m.', '9a.m.–6p.m.', '9a.m.–6p.m.', '9a.m.–8:30p.m.', '9a.m.–8:30p.m.', '9a.m.–6p.m.']"
51,Alan Keville for Hair,"Balcony Level Powerscourt Townhouse Centre, William St S, Dublin 2, DO2 HF95",53.3422778,-6.262136099999999,(01) 675 0022,kevillehair.com,4.7,"['Closed', '9:30a.m.–6p.m.', '9:30a.m.–6p.m.', '9:30a.m.–6p.m.', '9:30a.m.–8p.m.', '9:30a.m.–8p.m.', '9a.m.–5:30p.m.']"
52,Annette Hair Salon,"Dean St, Merchants Quay, Dublin",53.3390809,-6.2731328,087 225 7063,annettehairsalon.com,4.5,"['Closed', 'Closed', '10a.m.–8p.m.', '10a.m.–8p.m.', '10a.m.–8p.m.', '10a.m.–8p.m.', '10a.m.–6p.m.']"
53,Zeba Hairdressing @ Arnotts,"12 Henry St, North City, Dublin 1",53.3492212,-6.2630526,(01) 873 5858,zeba.ie,4.4,"['11a.m.–5p.m.', '9:30a.m.–7p.m.', '9:30a.m.–7p.m.', '9:30a.m.–7p.m.', '9:30a.m.–9p.m.', '9:30a.m.–8p.m.', '9a.m.–7p.m.']"
54,Rua Hair Salon,"52 Main St, Rathfarnham, Dublin 14, D14 YP66",53.29909610000001,-6.2850825,(01) 405 5652,ruahair.ie,4.7,"['Closed', 'Closed', '9a.m.–5:30p.m.', '9a.m.–5:30p.m.', '9a.m.–8p.m.', '9a.m.–8p.m.', '9a.m.–5:30p.m.']"
55,House Of Colour,"64 Middle Abbey St, North City, Dublin 1, D01 X4C6",53.3480431,-6.2613185,(01) 878 3633,houseofcolour.ie,4.2,"['Closed', '10a.m.–5:30p.m.', '10a.m.–5:30p.m.', '10a.m.–5:30p.m.', '10a.m.–8p.m.', '10a.m.–7p.m.', '9a.m.–5p.m.']"
56,Whetstone Aveda Concept Salon,"7 Parliament St, Temple Bar, Dublin, D02 RK76",53.3445052,-6.267202999999999,(01) 671 1344,whetstone.ie,4.1,"['Closed', 'Closed', '10a.m.–7p.m.', '10a.m.–8p.m.', '10a.m.–8p.m.', '9a.m.–8p.m.', '9a.m.–6p.m.']"
57,Aidan Fitzgerald Hair Salon & Private Wig Boutique,"12 Main St, Blackrock, Co. Dublin, A94 W582",53.3016179,-6.1775794,(01) 288 6479,aidanfitzgerald.ie,4.7,"['Closed', '8a.m.–6p.m.', '8a.m.–6p.m.', '8a.m.–6p.m.', '8a.m.–8p.m.', '8a.m.–8p.m.', '8a.m.–8p.m.']"
58,Scalps Hair & Beauty Salon,"89 Terenure Rd N, Terenure, Dublin, D6W PX76",53.3107214,-6.2829478,(01) 490 1142,None,None,"['9a.m.–6p.m.', 'Closed', '9a.m.–6p.m.', '9a.m.–6p.m.', '9a.m.–7p.m.', '9a.m.–7p.m.', '9a.m.–6p.m.']"
59,TONI&GUY Blackrock,"14 Main St, Blackrock, Co. Dublin, A94 Y406",53.3015786,-6.177512999999999,(01) 288 3240,toniandguy.ie,4.6,"['Closed', '9a.m.–6p.m.', '9a.m.–6p.m.', '9a.m.–6p.m.', '9a.m.–8p.m.', '9a.m.–7p.m.', '8:30a.m.–5p.m.']"
60,Hair World Studio,"9 Moore St, North City, Dublin 1, D01 V227",53.35002300000001,-6.262162,None,None,None,"['Open 24 hours', 'Open 24 hours', 'Open 24 hours', 'Open 24 hours', 'Open 24 hours', 'Open 24 hours', 'Open 24 hours']"
61,The hair lounge,"Unit 9 The Plaza Village, Forster Way, Swords, Co. Dublin",53.45660040000001,-6.2200175,(01) 694 7000,thehairloungeswords.ie,4.9,"['Closed', '9:30a.m.–6p.m.', '9:30a.m.–6p.m.', '9:30a.m.–6p.m.', '9:30a.m.–8p.m.', '9:30a.m.–8p.m.', '9a.m.–5:30p.m.']"
62,Hairorganic.ie,"16 Woodlands Rd, Glenageary, Dublin, A96 H5X8",53.2666419,-6.1418328,087 276 2248,hairorganic.ie,5.0,"['Closed', 'Closed', '10a.m.–5:30a.m.', '10a.m.–6a.m.', '10a.m.–6a.m.', '10a.m.–5p.m.', '9a.m.–1p.m.']"
63,Kris Morton Hair Salons Omni Park,"Unit 228 Omni Park Shopping Centre Santry, Dublin 9, D09 AD86",53.39271950000001,-6.2473163,(01) 842 1980,cloud.3dissue.com,4.7,"['Closed', '9a.m.–6p.m.', '9a.m.–6p.m.', '9a.m.–6p.m.', '9a.m.–9p.m.', '9a.m.–8p.m.', '9a.m.–5:30p.m.']"
64,M.C Hair Design,None,None,None,None,treatwell.ie,None,[]
65,"The Galligan College of Beauty, Advanced Aesthetics & Hairdressing","109 Grafton Street, Dublin 2, D02 YK64",53.3435284,-6.259527299999999,,,4.7,"['Closed', '10a.m.–7p.m.', '10a.m.–7p.m.', '10a.m.–6p.m.', '10a.m.–7p.m.', '10a.m.–6p.m.', 'Closed']"
66,Nu Aesthetics @Nuala Woulfe,None,None,None,(01) 230 0244,nualawoulfe.ie,5.0,[]
67,The Salon,"73/74 Patrick St, Dublin 8, D08 XT28",53.3414362,-6.2720334,(01) 416 4898,None,4.5,"['Closed', 'Closed', '9a.m.–6p.m.', '9a.m.–6p.m.', '9a.m.–6p.m.', '9a.m.–6p.m.', '9a.m.–5:30p.m.']"
68,Highlights Hair Salon,"Taylor's Ln, Ballyboden, Dublin",53.2817115,-6.2908447,(01) 494 5772,None,4.8,"['Closed', 'Closed', '9:30a.m.–5p.m.', '9:30a.m.–5p.m.', '9:30a.m.–8:15p.m.', '9a.m.–6:30p.m.', '9a.m.–5:30p.m.']"
69,The Academy @ Robert Chambers Hairdressing,"Leverl 3, 69 Grafton Street, Dublin 2, D02 HC04",53.34107179999999,-6.2607051,(01) 677 1323,robertchambersacademy.ie,None,"['Closed', '9:30a.m.–5p.m.', '9:30a.m.–5p.m.', '9:30a.m.–5p.m.', '9:30a.m.–5p.m.', '9:30a.m.–5p.m.', 'Closed']"
70,House of Colour Academy,"The Times Building, D'Olier Street, Dublin",53.3460759,-6.258297,(01) 604 0717,houseofcolour.ie,4.4,"['Closed', '10a.m.–5:30p.m.', '10a.m.–5:30p.m.', '10a.m.–5:30p.m.', '10a.m.–8p.m.', '10a.m.–7p.m.', '9a.m.–5p.m.']"
71,Conlemany by Organic Italian Hairdressing,"64A George's Street Upper, Dún Laoghaire, Dublin, A96 VK02",53.2894855,-6.1299586,087 719 4495,organicitalianhair.bio,4.5,"['Closed', '10a.m.–5p.m.', '10a.m.–5p.m.', '10a.m.–5p.m.', '10a.m.–5p.m.', '10a.m.–5p.m.', 'Closed']"
72,Audace Hair & Beauty Salon,"unit 4 greenhills shopping centre, St James's Rd, Greenhills, Dublin 12, D12 N12X",53.30701639999999,-6.337199,(01) 450 7590,audacehairandbeauty.ie,5.0,"['Closed', 'Closed', '9a.m.–6p.m.', '9a.m.–6p.m.', '9a.m.–8p.m.', '9a.m.–8p.m.', '9a.m.–5p.m.']"
73,The Hair Room,"Deanstown House, Unit 7, Blanchardstown, Dublin",53.3858774,-6.373364,085 120 8321,thehairroom.ie,4.9,[]
74,Karen's Unisex Hair Salon,"3 Meadow View, Whitehall, Dublin, D14 V125",53.2881497,-6.264353799999999,(01) 626 4325,mytown.ie,5.0,[]
75,Pelo Hairdressing & Scalp Specialists,"95 Swords Rd, Whitehall, Dublin, D09 V840",53.3813876,-6.2454877,(01) 797 9358,pelohairdressing.ie,4.8,"['Closed', 'Closed', '9a.m.–6p.m.', '9a.m.–6p.m.', '9a.m.–8p.m.', '9a.m.–8p.m.', '9a.m.–5:30p.m.']"
76,Revere Hair and Beauty,"Firhouse Shopping Centre, Unit 4, Ballycullen Ave, Dublin 24",53.28091389999999,-6.3412565,(01) 404 9307,None,4.5,[]
77,Hairfairy,"21 Wicklow St, Dublin, D02 XV83",53.34310139999999,-6.2615653,None,None,5.0,[]
78,V. Studio hairsalon,"Walkinstown Rd, Crumlin, Dublin",53.3208446,-6.3311262,(01) 429 9999,vstudio.ie,None,"['Closed', 'Closed', '9a.m.–7p.m.', '9a.m.–7p.m.', '9a.m.–7p.m.', '9a.m.–7p.m.', '9a.m.–7p.m.']"
79,Cats Hair Salon,"1 Clarendon St, Dublin, D02 TA43",53.3420584,-6.2613078,(01) 679 9417,catshairsalon.ie,4.9,"['Closed', '9a.m.–6p.m.', '9a.m.–6p.m.', '9a.m.–6p.m.', '9a.m.–8p.m.', '9a.m.–6p.m.', '9a.m.–6p.m.']"
80,Healthy Hair Studio,None,None,None,083 333 5555,healthyhairstudio.ie,4.9,"['9:30a.m.–4:30p.m.', 'Closed', '10a.m.–5:30p.m.', '10a.m.–5:30p.m.', '9a.m.–6:30p.m.', '9a.m.–6:30p.m.', '9a.m.–5:30p.m.']"
81,Star Hair & Beauty Studio,None,None,None,(01) 462 8840,starhair-studio.com,4.4,"['Closed', 'Closed', '9:30a.m.–6p.m.', '9:30a.m.–6p.m.', '9:30a.m.–7:30p.m.', '9:30a.m.–7:30p.m.', '9a.m.–6p.m.']"
82,ZINC Hair & Beauty,"637 S Circular Rd, Kilmainham, Dublin, D08 FY54",53.34021569999999,-6.3078397,(01) 454 4225,zinchairandbeauty.com,4.8,"['Closed', '9:30a.m.–8p.m.', '9:30a.m.–6p.m.', '9:30a.m.–6p.m.', '9:30a.m.–8p.m.', '9:30a.m.–8p.m.', '9a.m.–4:30p.m.']"
83,Blue Candy Hair and Beauty Salon,"3 Deansrath Cres, Clonburris Little, Dublin, D22 YF43",53.32812939999999,-6.4229433,(01) 515 2559,business.site,5.0,"['Closed', 'Closed', '10a.m.–6p.m.', '10a.m.–6p.m.', '10a.m.–8p.m.', '10a.m.–7p.m.', '10a.m.–6p.m.']"
84,TONI&GUY Dawson Street,"51A Dawson St, Dublin 2, D02 YK66",53.34252900000001,-6.257663699999999,(01) 671 4401,toniandguy.ie,4.7,"['Closed', '9a.m.–6p.m.', '9a.m.–6p.m.', '9a.m.–8p.m.', '9a.m.–8p.m.', '9a.m.–6p.m.', '9a.m.–6p.m.']"
85,Hair Control,"48B Clonmacnoise Rd, Crumlin, Dublin",53.3208687,-6.2932609,(01) 492 5916,None,None,[]
86,Hairdressing Ana Elisa,None,None,None,None,None,None,[]
87,"The Galligan College of Beauty, Advanced Aesthetics & Hairdressing","109 Grafton Street, Dublin 2, D02 YK64",53.3435284,-6.259527299999999,,,4.7,"['Closed', '10a.m.–7p.m.', '10a.m.–7p.m.', '10a.m.–6p.m.', '10a.m.–7p.m.', '10a.m.–6p.m.', 'Closed']"
88,The Beauty Kit,"38-39 Fitzwilliam Pl, Dublin, D02 NX53",53.33367519999999,-6.252487299999999,None,,None,"['Open 24 hours', 'Open 24 hours', 'Open 24 hours', 'Open 24 hours', 'Open 24 hours', 'Open 24 hours', 'Open 24 hours']"
89,rainbow hair and beauty salon,"4 Convent Rd, Clondalkin, Dublin, D22 YK28",53.31932930000001,-6.394590099999999,,None,4.4,"['10:30a.m.–6p.m.', '9:30a.m.–7:30p.m.', '9:30a.m.–7:30p.m.', '9:30a.m.–7:30p.m.', '9a.m.–8p.m.', '9a.m.–8p.m.', '9a.m.–8p.m.']"
90,Angel hair & beauty,"Unit 2, The Village Plaza, Old Bawn Rd, Tallaght, Dublin",53.2849561,-6.360565900000001,,,4.8,"['Closed', '9a.m.–6p.m.', '9a.m.–6p.m.', '9a.m.–6p.m.', '9a.m.–8p.m.', '9a.m.–8p.m.', '9a.m.–6p.m.']"
91,La Mode Hair & Beauty Phibsborough,"155 Phibsborough Rd, Cabra East, Dublin, D07 N207",53.3612616,-6.272449099999999,,,4.5,"['Closed', 'Closed', '9:30a.m.–6p.m.', '9:30a.m.–6p.m.', '9:30a.m.–8p.m.', '9:30a.m.–7p.m.', '8:30a.m.–4:30p.m.']"
92,Red Apple Hairdressing,"8, Woodstown Shopping Centre Ballycullen Road Dublin 16 Co. Dublin IE, Ballycullen Rd, Co. Dublin",53.2758027,-6.330895399999999,,,4.9,"['Closed', 'Closed', '9a.m.–6p.m.', '9a.m.–6p.m.', '9a.m.–8:30p.m.', '9a.m.–8:30p.m.', '8:30a.m.–5p.m.']"
93,Saphora Hair and Beauty,"6-7, The Village Centre, Main St, Dundrum, Dublin 14",53.290594,-6.245664,,None,4.6,"['Closed', '9a.m.–6p.m.', '9a.m.–6p.m.', '9a.m.–9p.m.', '9a.m.–9p.m.', '9a.m.–9p.m.', '9a.m.–6p.m.']"
94,Glow Hair & Beauty Salon,"250 Sarsfield Rd, Kilmainham, Dublin",53.3425971,-6.332970899999999,,,4.9,"['Closed', 'Closed', '9:30a.m.–6p.m.', '9:30a.m.–6p.m.', '9:30a.m.–8p.m.', '9:30a.m.–8p.m.', '9a.m.–6p.m.']"
95,Boshka Hair & Beauty Salon,"Unit 42, Coolmine Industrial Estate, Blanchardstown, Dublin 15",53.3830879,-6.4011783,,,4.7,"['Closed', '9:30a.m.–8p.m.', '9:30a.m.–8p.m.', '9:30a.m.–8p.m.', '9:30a.m.–8p.m.', '9:30a.m.–8p.m.', '9a.m.–5p.m.']"
96,Ella Hair,None,None,None,,None,4.8,"['Closed', '9a.m.–5p.m.', '9a.m.–5p.m.', '9a.m.–5p.m.', '9a.m.–5p.m.', '9a.m.–7p.m.', '8:30a.m.–4:30p.m.']"
97,Chyna Blu Hair & Beauty,"35 Benbulbin Rd, Drimnagh, Dublin 12, D12 AT22",53.3344793,-6.3116084,,,4.7,"['Closed', 'Closed', '9:30a.m.–6p.m.', '9:30a.m.–6p.m.', '9:30a.m.–8p.m.', '9:30a.m.–6:30p.m.', '9a.m.–5p.m.']"
98,Blend Beauty Artisans,None,None,None,,,4.7,"['Closed', 'Closed', '10a.m.–7p.m.', '10a.m.–7p.m.', '10a.m.–7p.m.', '10a.m.–7p.m.', '10a.m.–7p.m.']"
99,Silke Hair and Beauty,"RA3 1P Beacon South Quarter, Sandyford, Dublin 18, Sandyford, Dublin 18, D18 VA43",53.2770608,-6.2162752,,,4.8,"['Closed', 'Closed', '9a.m.–6p.m.', '9a.m.–7p.m.', '9a.m.–9p.m.', '9a.m.–7p.m.', '9a.m.–5p.m.']"
100,The Art Team,"75 Grafton Street, Dublin 2, D02 PD81",53.34155190000001,-6.260502199999999,None,theartteam.ie,2.3,[]
101,Wildflower,"10 Ranelagh, Dublin 6, D06 K8Y2",53.32629009999999,-6.2557534,,,5.0,"['Closed', '10a.m.–2p.m.', '3–9p.m.', '10a.m.–2p.m.', '3–9p.m.', '10a.m.–2p.m.', '3–9p.m.', '10a.m.–2p.m.', '3–9p.m.', '10a.m.–2p.m.', '3–9p.m.', '10a.m.–2p.m.', '3–9p.m.']"
102,D|M Hairdressing,"79 Tyrconnell Rd, Inchicore, Dublin, D08 CXY5",53.3378066,-6.3232528,,,4.8,"['Closed', '10a.m.–6p.m.', '9:30a.m.–6p.m.', '9:30a.m.–6p.m.', '9a.m.–9p.m.', '9a.m.–8:30p.m.', '8:30a.m.–6p.m.']"
103,Pauline's Hair Salon,"131C, Slaney Rd, Dublin Industrial Estate, Dublin 11",53.3718598,-6.285756699999999,,None,4.8,"['Closed', '8a.m.–6p.m.', '8a.m.–6p.m.', '8a.m.–6p.m.', '8a.m.–6p.m.', '8a.m.–6p.m.', '8a.m.–6p.m.']"
104,Men's Grooming Ireland Barber Shop,None,None,None,,,4.9,"['Closed', '10a.m.–7p.m.', '10a.m.–7p.m.', '10a.m.–7p.m.', '10a.m.–8p.m.', '10a.m.–7p.m.', '9a.m.–6p.m.']"
105,Issonni Hair Extensions,"173 Kimmage Rd Lower, Kimmage, Dublin 6W, Co. Dublin, D6W CX94",53.3194279,-6.2910146,,,5.0,"['Closed', 'Closed', '10a.m.–6p.m.', '10a.m.–6p.m.', '10a.m.–6p.m.', '10a.m.–6p.m.', '10a.m.–6p.m.']"
106,Harvard Hair,"5 Manor St, Stoneybatter, Dublin 7, D07 NC56",53.351567,-6.2828919,,,4.9,"['Closed', '10a.m.–5:30p.m.', '10a.m.–5:30p.m.', '10a.m.–5:30p.m.', '10a.m.–8p.m.', '10a.m.–6p.m.', '9a.m.–5p.m.']"
107,Salon 19,"19 Drury St, Dublin, D02 WK51",53.3420759,-6.263614,,None,5.0,[]
108,Mont Ciara Hair and Beauty Salon,"76 Parnell St, Rotunda, Dublin 1, D01 W710",53.3526249,-6.2608893,,None,3.9,"['10:30a.m.–7:30p.m.', '10:30a.m.–8p.m.', '10:30a.m.–8p.m.', '10:30a.m.–8p.m.', '10:30a.m.–8p.m.', '10:30a.m.–8p.m.', '10:30a.m.–8p.m.']"
109,Kevilles Hair Care,"Loftus Ln, Rotunda, Dublin",53.35078189999999,-6.2683315,(01) 490 0997,None,None,[]
110,Rickyna Hair Salon Kimmage,"5 Sundrive Rd, Harold's Cross, Dublin, D12 VCW0",53.3198744,-6.2907041,(01) 406 7711,None,4.3,"['10a.m.–6p.m.', '9:30a.m.–7p.m.', '9:30a.m.–7p.m.', '9:30a.m.–7p.m.', '9a.m.–7:30p.m.', '9a.m.–7:30p.m.', '9a.m.–7:30p.m.']"
111,Mane Attraction Hair Salon,"Boot Rd, Brideswell Commons, Dublin",53.3156068,-6.3966221,(01) 464 3738,None,4.9,[]
112,David Marshall Hair Salon,"S Great, 12 Fade St, George's Street Arcade, Dublin 2, D02 AT25",53.3421272,-6.2643156,(01) 677 0106,None,4.9,"['Closed', 'Closed', '9a.m.–6p.m.', '9a.m.–7:30p.m.', '9a.m.–7:30p.m.', '9a.m.–6:30p.m.', '9a.m.–6p.m.']"
113,Beauty Pearl,None,None,None,086 401 8260,beautypearl.ie,4.3,"['Closed', '10a.m.–8p.m.', '10a.m.–8p.m.', '10a.m.–8p.m.', '10a.m.–8p.m.', '10a.m.–8p.m.', '9a.m.–7p.m.']"
114,Anthony Murray Hair & Beauty Group,"5 Crow St, Temple Bar, Dublin 2, D02 FN25",53.34473269999999,-6.2638815,None,None,None,[]
115,Ruby Reds Hair Salon,"Beechview, Dublin Road, Kilkenny, Ireland, Co. Nov 15, 2019, Co. Kilkenny",52.6491659,-7.2253331,(056) 779 0801,rubyreds.ie,4.5,[]
116,Mobile Hairdresser Ashbourne - Ireland,"Killegland, Ashbourne, Co. Meath",53.5112676,-6.4003688,089 226 4559,facebook.com,None,"['Open 24 hours', 'Open 24 hours', 'Open 24 hours', 'Open 24 hours', 'Open 24 hours', 'Open 24 hours', 'Open 24 hours']"
117,Medusa Hair Salon,"56 Sundrive Rd, Crumlin, Dublin",53.3211294,-6.2934173,(01) 490 9656,beautynailhairsalons.com,4.9,"['Closed', 'Closed', '9:30a.m.–5:30p.m.', '9:30a.m.–5:30p.m.', '9:30a.m.–8p.m.', '9:30a.m.–5:30p.m.', '9:30a.m.–5p.m.']"
118,Colour Touch Hairdressing,None,None,None,(01) 429 8610,facebook.com,4.2,"['Closed', 'Closed', '10a.m.–6p.m.', '10a.m.–6p.m.', '10a.m.–9p.m.', '9a.m.–6p.m.', '9a.m.–5p.m.']"
119,Foundation Hair,"18 Stephen Street Upper, Dublin, D08 PTD0",53.3414244,-6.2657444,(01) 478 1222,foundationhair.com,4.9,"['Closed', 'Closed', '9a.m.–5:30p.m.', '9a.m.–5:30p.m.', '9a.m.–8p.m.', '9a.m.–5:30p.m.', '9a.m.–5:30p.m.']"
120,Koreana Hairdressers,"Unit 4, Stewart Hall, Ryder's Row, Parnell St, Rotunda, Dublin",53.3501637,-6.2685241,(01) 873 5290,None,4.3,"['11a.m.–7p.m.', '10a.m.–7p.m.', '10a.m.–8p.m.', '10a.m.–8p.m.', '10a.m.–8p.m.', '10a.m.–8p.m.', '10a.m.–8p.m.']"
121,Salon Aurora,None,None,None,(01) 464 0044,salon-aurora.com,4.8,"['Closed', 'Closed', '9:30a.m.–6p.m.', '9:30a.m.–6p.m.', '9:30a.m.–8p.m.', '9:30a.m.–7p.m.', '9a.m.–5:30p.m.']"
122,Scruples Urban Hair Beauty Retreat,"54 Talbot St, Mountjoy, Dublin, D01 W6E5",53.3512217,-6.250621199999999,(01) 836 5994,scrupleshairsalon.ie,4.4,"['Closed', '9a.m.–5:30p.m.', '9a.m.–5:30p.m.', '9a.m.–5:30p.m.', '9a.m.–7p.m.', '9a.m.–7p.m.', '9a.m.–5:30p.m.']"
123,Dijonaise Hair and Beauty,"61 C, Keeper Rd, Crumlin, Dublin, D12 HE27",53.332069,-6.3023473,089 962 4844,None,5.0,"['Closed', '9a.m.–8p.m.', '9a.m.–8p.m.', '9a.m.–8p.m.', '9a.m.–8p.m.', '9a.m.–8p.m.', '9a.m.–8p.m.']"
124,Ritchie Conlon Hair Salon,"10 Slade Castle Ave, Moneyatta Commons, Saggart, Co. Dublin, D24 E030",53.2784633,-6.4450847,(01) 412 4433,treatwell.ie,4.4,"['Closed', 'Closed', '10a.m.–6p.m.', '10a.m.–6p.m.', '10a.m.–6p.m.', '10a.m.–6p.m.', '10a.m.–6p.m.']"
125,Studio Re Fontes,None,None,None,089 230 5924,studiorefontes.business.site,4.7,"['Closed', 'Closed', '10a.m.–7p.m.', '10a.m.–7p.m.', '10a.m.–7p.m.', '10a.m.–7p.m.', '10a.m.–7p.m.']"
126,Hair by Suzanne,"Unit 3, Firhouse Shopping Centre, Tallaght, Dublin, D24 YXT1",53.2807622,-6.340903399999999,(01) 451 8200,business.google.com,4.7,"['Closed', '9:30a.m.–5:30p.m.', '9:30a.m.–5:30p.m.', '9:30a.m.–5:30p.m.', '9:30a.m.–5:30p.m.', '9:30a.m.–7p.m.', '9a.m.–5:30p.m.']"
127,House of Hair,"Unit 3 /4, Tesco Shopping Centre, Ballyfermot Rd, Kylemore, Lucan, Co. Dublin",53.3417504,-6.3531517,(01) 621 1553,None,None,[]
128,House of Colour,"St Margaret's Rd, Charlestown, Dublin 11, D11 CX84",53.39918249999999,-6.302629899999999,(01) 804 1725,houseofcolour.ie,4.4,"['12–5p.m.', '10a.m.–5:30p.m.', '10a.m.–5:30p.m.', '10a.m.–8p.m.', '10a.m.–8p.m.', '10a.m.–8p.m.', '10a.m.–6p.m.']"
129,"The Galligan College of Beauty, Advanced Aesthetics & Hairdressing","109 Grafton Street, Dublin 2, D02 YK64",53.3435284,-6.259527299999999,,,4.7,"['Closed', '10a.m.–7p.m.', '10a.m.–7p.m.', '10a.m.–6p.m.', '10a.m.–7p.m.', '10a.m.–6p.m.', 'Closed']"
130,Nu Aesthetics @Nuala Woulfe,None,None,None,(01) 230 0244,nualawoulfe.ie,5.0,[]
131,Number 5 Andrew Street Hair Salon,"City Centre, 5 St Andrew's St, Dublin 2, D02 YD85",53.3432842,-6.2617854,(01) 670 5969,5andrewstreet.com,4.9,"['Closed', 'Closed', '10a.m.–6p.m.', '10a.m.–7p.m.', '10a.m.–8p.m.', '10a.m.–7p.m.', '10a.m.–6p.m.']"
132,Men's Grooming Ireland Barber Shop,None,None,None,(01) 492 9337,mensgrooming.ie,4.8,"['Closed', '10a.m.–7p.m.', '10a.m.–7p.m.', '10a.m.–7p.m.', '10a.m.–8p.m.', '10a.m.–7p.m.', '9a.m.–6p.m.']"
133,Artisan hair & beauty salon,"Unit 4, Tower Shopping Centre, Tower Road, Clondalkin, Dublin 22, D22 YV04",53.3211736,-6.394727100000001,(01) 457 8652,None,5.0,"['10:30a.m.–6:30p.m.', '9a.m.–7p.m.', '9a.m.–7p.m.', '9a.m.–7p.m.', '9a.m.–7p.m.', '9a.m.–7p.m.', '9a.m.–7p.m.']"
134,Vanity Rathfarnham,"1st Floor, Rosemount Shopping Centre, Marian Rd, Rathfarnham, Dublin",53.29043230000001,-6.2984193,(01) 494 4438,vanityrathfarnham.ie,4.9,"['Closed', 'Closed', '9a.m.–6p.m.', '9a.m.–7p.m.', '9a.m.–8p.m.', '9a.m.–6p.m.', '9a.m.–5p.m.']"
135,Hot House Hair and Beauty,"Unit 7, Village Centre, Watery Ln, Clondalkin, Dublin 22",53.3226369,-6.3927473,(01) 457 7653,None,4.8,"['Closed', 'Closed', '9:30a.m.–5:30p.m.', '9:30a.m.–5:30p.m.', '9:30a.m.–7p.m.', '9:30a.m.–7p.m.', '9a.m.–5p.m.']"
136,Hair by Adel,None,None,None,None,hair-by-adel.mytreatwell.ie,None,"['Closed', 'Closed', 'Closed', '9a.m.–7p.m.', '9a.m.–8p.m.', 'Closed', '9a.m.–5p.m.']"
137,Zeba Hairdressing Sandymount,"90 Sandymount Rd, Dublin 2, D04 X660",53.3328323,-6.215772299999999,(01) 668 4045,zeba.ie,4.4,"['Closed', '9a.m.–6p.m.', '9a.m.–6p.m.', '9a.m.–6p.m.', '9a.m.–8p.m.', '9a.m.–7p.m.', '9a.m.–6p.m.']"
138,bozena sarek hairdressing,"58 Academy St, Dillonsland, Navan, Co. Meath",53.6502522,-6.6812402,(046) 907 2517,bozenasarekhairdressing.ie,4.7,"['Closed', 'Closed', '9:30a.m.–5p.m.', '11a.m.–8p.m.', '11a.m.–8p.m.', '9a.m.–8p.m.', '8a.m.–4p.m.']"
139,Heaven - Hair And Beauty,"23 Ravensdale Park, Kimmage, Dublin 12, D12 AX85",53.3146041,-6.299997599999999,(01) 492 8633,None,4.9,"['Closed', 'Closed', '9:30a.m.–5:30p.m.', '9:30a.m.–5:30p.m.', '9a.m.–5:30p.m.', '9a.m.–8p.m.', '9a.m.–5p.m.']"
140,Romina Daniel Hair & Beauty Palmerstown,"Palmerstown Shopping Centre, Units 7/16, Kennelsfort Rd Upper, Dublin 20",53.3502478,-6.3788494,(01) 623 1444,rominadaniel.ie,4.9,"['Closed', 'Closed', '9:30a.m.–6p.m.', '9:30a.m.–6p.m.', '9:30a.m.–9p.m.', '9:30a.m.–7p.m.', '8:30a.m.–5p.m.']"
141,Image Hair Salon,"2 La Touche Rd, Inchicore, Dublin 8",53.3300971,-6.333746,(01) 426 5898,imagehair.ie,4.6,[]
142,Bridal Hair Craze,"6 De Selby Dr, Gibbons, Dublin 24, D24 K29W",53.2767657,-6.409307099999999,087 646 2847,None,None,[]
143,karina's hair salon,"Sallins, Co. Kildare",53.251067,-6.665231299999999,None,None,None,[]
144,Spawell Hair Sallon,"Spawell Leisure Centre, Templeogue Village, Dublin",53.2983415,-6.300305,(01) 490 8729,onlinehairschool.com,None,[]
145,Halo Urban Hair & Beauty,"Knocklyon Shopping Centre, Knocklyon Rd, Schollarstown, Dublin 16",53.2829999,-6.317812699999999,(01) 494 2138,halourbanhairandbeauty.ie,4.6,"['Closed', '9a.m.–6p.m.', '9a.m.–6p.m.', '9a.m.–6p.m.', '9a.m.–8p.m.', '9a.m.–8p.m.', '9a.m.–5:30p.m.']"
146,Colour Masters,"St Peter's Rd St Peter's Rd, Walkinstown, Dublin 12, D12 CC9C",53.31586069999999,-6.3323218,085 156 0004,None,5.0,"['Closed', 'Closed', '9a.m.–7:30p.m.', '9a.m.–7:30p.m.', '9a.m.–7:30p.m.', '9a.m.–7:30p.m.', '9a.m.–7:30p.m.']"
147,Superior Salon,"11 Claddagh Green, Cherry Orchard, Dublin, D10 K120",53.3408564,-6.3660662,None,None,5.0,[]
148,OSLO Mespil,"67 Mespil Rd, Ballsbridge, Dublin, D04 NY66",53.3336578,-6.2459736,(01) 563 8300,oslobeauty.ie,4.9,"['Closed', '7a.m.–7p.m.', '7a.m.–7p.m.', '7a.m.–9p.m.', '7a.m.–9p.m.', '7a.m.–8p.m.', '9a.m.–6p.m.']"
149,Vanity Hair & Beauty Lounge,"1 Beechfield Ave, Walkinstown, Dublin, D12 H938",53.316713,-6.3254366,(01) 405 9500,vanityhairandbeautysalon.com,4.8,"['Closed', 'Closed', '9a.m.–6p.m.', '9a.m.–6p.m.', '9a.m.–8p.m.', '9a.m.–6p.m.', '9a.m.–5p.m.']"
150,Le Belle,None,None,None,(01) 454 9442,None,None,"['Closed', 'Closed', '10a.m.–6a.m.', '10a.m.–6p.m.', '11a.m.–8p.m.', '10a.m.–7p.m.', '9:30a.m.–5:30p.m.']"
151,"The Galligan College of Beauty, Advanced Aesthetics & Hairdressing","109 Grafton Street, Dublin 2, D02 YK64",53.3435284,-6.259527299999999,,,4.7,"['Closed', '10a.m.–7p.m.', '10a.m.–7p.m.', '10a.m.–6p.m.', '10a.m.–7p.m.', '10a.m.–6p.m.', 'Closed']"
152,Nu Aesthetics @Nuala Woulfe,None,None,None,(01) 230 0244,nualawoulfe.ie,5.0,[]
153,Salon Nova,None,None,None,(01) 455 9756,facebook.com,4.9,"['Closed', 'Closed', '9:30a.m.–6p.m.', '9:30a.m.–6p.m.', '9:30a.m.–8p.m.', '9:30a.m.–6p.m.', '9a.m.–5p.m.']"
154,TONI&GUY Dundrum,"Building 1, UNIT 3, .1 Block 4 Dundrum Town Centre, Dundrum, Dublin",53.28698199999999,-6.242252,(01) 296 7160,toniandguy.ie,4.3,"['11a.m.–6p.m.', '9a.m.–6p.m.', '9a.m.–9p.m.', '9a.m.–9p.m.', '9a.m.–9p.m.', '9a.m.–9p.m.', '9a.m.–6p.m.']"
155,"Your Hair is Lovely - Hairdressing salon and Barber Shop","Unit 7, Rathcoole Shopping Centre, Rathcoole, Co. Dublin, D24 TP2W",53.2965039,-6.4717768,(01) 458 0305,business.site,4.6,"['Closed', 'Closed', '9:30a.m.–5:30p.m.', '9:30a.m.–5:30p.m.', '9:30a.m.–6p.m.', '9a.m.–6p.m.', '9a.m.–5p.m.']"
156,Ali Dee Hair,"3 Elder Heath View, Kiltipper, Dublin",53.2709284,-6.379397699999999,083 109 9882,None,5.0,"['Closed', 'Closed', '9a.m.–9p.m.', 'Closed', 'Closed', '9a.m.–9p.m.', '9a.m.–5p.m.']"
157,Sophistikates Hair Studio,"12, Co. Contae Bhaile Átha Cliath",53.4557467,-6.219740600000001,None,None,None,[]
158,Wayward Hair Salon,"40 Lennox St, Saint Kevin's, Dublin 8, D08 C44T",53.33131729999999,-6.267759799999999,(01) 478 8800,facebook.com,5.0,"['Closed', 'Closed', '9:30a.m.–6:30p.m.', '9:30a.m.–6:30p.m.', '9:30a.m.–8p.m.', '9:30a.m.–6:30p.m.', '9:30a.m.–6p.m.']"
159,Elaine's Hair Salon,"28 Manor Rd, Redcowfarm, Dublin, D20 YD74",53.3515208,-6.3690517,(01) 626 7080,None,4.5,[]
160,Head Office Hair Salon Ballyfermot,"Le Fanu Shopping Centre, Unit 1, Le Fanu Rd, Ballyfermot, Co. Dublin",53.3433644,-6.356423100000001,(01) 623 2192,None,5.0,"['Closed', '9a.m.–5p.m.', '9a.m.–5p.m.', '9a.m.–5p.m.', '9a.m.–5p.m.', '9a.m.–7p.m.', '9a.m.–5p.m.']"
161,Hair & Care,"3 Orchardstown Park, Rathfarnham, Dublin, D14 V594",53.2922099,-6.304014899999999,(01) 494 6256,None,4.6,[]
162,Salon Privé Hair & Beauty,"Old Bawn Rd, Tallaght, Dublin",53.2818222,-6.3591204,(01) 462 6558,facebook.com,4.7,"['Closed', '9a.m.–5:30p.m.', '9a.m.–5:30p.m.', '9a.m.–5:30p.m.', '9a.m.–8p.m.', '9a.m.–8p.m.', '9a.m.–5:30p.m.']"
163,Sarah O'Brien Hair Design,"5 Terenure Rd N, Terenure, Dublin, D6W XY48",53.3144181,-6.282274999999999,(01) 492 7922,sarahobrienhairdesign.ie,5.0,"['Closed', 'Closed', '9:30a.m.–5:30p.m.', '9:30a.m.–5:30p.m.', '9:30a.m.–7:30p.m.', '9:30a.m.–7:30p.m.', '9a.m.–4:30p.m.']"
164,L'OmBré Essential,"F, Priorsgate 2 Main Street, Dublin 24",53.2876246,-6.3570359,(01) 515 2681,lombre.ie,4.7,"['Closed', '9a.m.–6p.m.', '9a.m.–6p.m.', '9a.m.–6p.m.', '9a.m.–8p.m.', '9a.m.–8p.m.', '9a.m.–6p.m.']"
165,Salon 42,"42A Muckross Ave, Perrystown, Dublin, D12 R234",53.31135279999999,-6.3152431,(01) 465 2064,salon42.ie,4.9,"['Closed', 'Closed', '9a.m.–9p.m.', '9a.m.–8p.m.', '9a.m.–9p.m.', '9a.m.–9p.m.', '8a.m.–6p.m.']"
166,Shaky Jakes Hair Studio,None,None,None,(01) 548 0436,shakyjakes.ie,4.8,"['Closed', 'Closed', '10a.m.–6p.m.', '10a.m.–6p.m.', '10a.m.–6p.m.', '10a.m.–6p.m.', '10a.m.–5p.m.']"
167,Beautique Beauty Studio,"Fashion City, Unit 31, Ballymount Rd Upper, Tallaght, Dublin, D24 TX46",53.3069333,-6.352073499999999,(01) 429 5926,beautiquebeautystudio.ie,4.9,"['Closed', 'Closed', '9a.m.–9p.m.', '9a.m.–9p.m.', '9a.m.–9p.m.', '9a.m.–9p.m.', '8:45a.m.–4:45p.m.']"
168,Irish Hairdressers Federation,"13 William St S, Dublin, D02 X925",53.342433,-6.262550099999999,None,None,None,[]
169,Level Unisex Hair Salon,"45 Summerhill Parade, Drumcondra, Dublin, D01 H959",53.3573606,-6.2494435,085 775 0783,None,4.4,"['Closed', '10a.m.–9p.m.', '10a.m.–8p.m.', '10a.m.–9p.m.', '10a.m.–9p.m.', '10a.m.–9p.m.', '10a.m.–8p.m.']"
170,Bliss Hair & Beauty,"Tallaght, Dublin 24",53.2849263,-6.3713058,(01) 459 7497,blisshairandbeauty.ie,4.9,"['Closed', 'Closed', '9a.m.–6p.m.', '9a.m.–6p.m.', '9a.m.–6p.m.', '9a.m.–6p.m.', '9a.m.–6p.m.']"
171,Hair To Dye For,"Main St, Rathcoole, Co. Dublin",53.2817612,-6.469666,(01) 401 3233,hairtodyefor.biz,4.9,[]
172,Avail Hair & Beauty,"2nd Floor, Avoca Building, Rathcoole, Co. Dublin",53.2842099,-6.456317899999999,(01) 458 0513,availatavoca.ie,5.0,"['11a.m.–5p.m.', '9:30a.m.–5p.m.', '9:30a.m.–6p.m.', '9:30a.m.–6p.m.', '9:30a.m.–8p.m.', '9:30a.m.–8p.m.', '9a.m.–5p.m.']"
173,TONI&GUY Malahide,"Manor House, Unit 10, Church Rd, Malahide, Dublin",53.4500527,-6.1536946,,,4.6,"['Closed', '9a.m.–6p.m.', '9a.m.–6p.m.', '9a.m.–6p.m.', '9a.m.–9p.m.', '9a.m.–6p.m.', '9a.m.–5p.m.']"
174,The Colour Palette Hair & Beauty,"Fortunestown Way, Tallaght, Dublin, D24 P299",53.28316239999999,-6.399678799999999,089 475 6669,None,4.7,"['Closed', '9a.m.–5p.m.', '9a.m.–5p.m.', '9a.m.–5p.m.', '9a.m.–7p.m.', '9a.m.–7p.m.', '9a.m.–5p.m.']"
175,jenny's hair studio,"44 Kerlogue Rd, Dublin 4, D04 WK31",53.33867979999999,-6.2203427,None,None,None,[]
176,Sassoons hair beauty salon,"First Floor Bawnogue Shopping Centre, IE, Unit 12 Bawnogue Rd, Clonburris Great, BawnogueD22 RD28",53.32455,-6.411187,089 200 0410,None,4.6,"['Closed', '9a.m.–6p.m.', '9a.m.–6p.m.', '9a.m.–6p.m.', '9a.m.–6p.m.', '9a.m.–6p.m.', '9a.m.–6p.m.']"
177,Sheerlock Combs Hair Salon,"Cherry Orchard, Dublin 10",53.33705,-6.368396700000001,None,None,None,[]
178,ZERO ONE SALON,"Watson & Johnson Centre, Mill Rd, Killincarrig, Greystones, Co. Wicklow",42.240281,-70.9786884,(01) 287 0002,zeroonesalon.ie,4.7,"['Closed', 'Closed', '9a.m.–6p.m.', '9a.m.–8p.m.', '9a.m.–9p.m.', '9a.m.–6p.m.', '9a.m.–6p.m.']"
179,Paris Lover Hair and Beauty,None,None,None,(01) 555 2928,parislover.ie,4.5,"['Closed', '9:30a.m.–7p.m.', '9:30a.m.–7p.m.', '9:30a.m.–9p.m.', '9:30a.m.–9p.m.', '9:30a.m.–9p.m.', '9a.m.–7p.m.']"
180,Hair By Leo,"49d, 22 Tower Road, Clondalkin, Co. Dublin",53.3206632,-6.3945099,089 449 3388,treatwell.ie,5.0,[]
181,Knights,"Springfield Shopping Centre, Springfield, Dublin",53.2874444,-6.382264699999999,(01) 462 2933,None,4.7,[]
182,Bijou hair salon,"209 Decies Rd, Decies, Dublin, D10 FH22",53.3391312,-6.3449256,(01) 623 3305,None,4.2,"['Closed', 'Closed', '9:30a.m.–5p.m.', '9:30a.m.–5p.m.', '9:30a.m.–5p.m.', '9:30a.m.–5p.m.', '9:30a.m.–5p.m.']"
183,Peter Mark Hairdressers Newry,"Albert Basin, Newry BT35 8QS, United Kingdom",54.1687155,-6.3391426,+44 28 3026 3133,petermark.ie,4.5,"['Closed', '9a.m.–6p.m.', '9a.m.–6p.m.', '9a.m.–6p.m.', '9a.m.–9p.m.', '9a.m.–9p.m.', '9a.m.–6p.m.']"
184,AG Hairstylist,None,None,None,None,None,5.0,[]
185,Revive Hair & Beauty Clinic,None,None,None,(01) 465 2749,revivehbc.ie,4.4,"['Closed', 'Closed', '9:30a.m.–6p.m.', '9:30a.m.–6p.m.', '9:30a.m.–8p.m.', '9:30a.m.–8p.m.', '9:30a.m.–5p.m.']"
186,Brown Sugar,"68 Ranelagh, Dublin, D06 V3F8",53.3249528,-6.2538715,(01) 485 1988,brownsugar.ie,4.6,"['Closed', '8a.m.–8p.m.', '8a.m.–8p.m.', '8a.m.–8p.m.', '8a.m.–8p.m.', '8a.m.–8p.m.', '8a.m.–8p.m.']"
187,K.Hair,"4 Kennedy Ave, Carlow, R93 NP63",52.8343831,-6.927975999999999,(059) 914 0433,None,4.6,"['Closed', '8a.m.–6p.m.', '8a.m.–6p.m.', '8a.m.–6p.m.', '8a.m.–8p.m.', '8a.m.–8p.m.', '8a.m.–6p.m.']"
188,Blanc Quigley Hair Salon,"54 S Main St, Naas East, Naas, Co. Kildare, W91 D7YW",53.2175532,-6.6635502,(045) 901 848,blancquigley.com,5.0,"['Closed', 'Closed', '9a.m.–5p.m.', '9a.m.–5p.m.', '10a.m.–7p.m.', '9a.m.–5p.m.', '9a.m.–3p.m.']"
189,The Hair Box,"15 Patrick St, Dún Laoghaire, Dublin, A96 XT98",53.2916713,-6.1372466,(01) 280 4550,hairbox.ie,4.6,"['Closed', '9a.m.–6p.m.', '9a.m.–6p.m.', 'Closed', '9a.m.–6p.m.', '9a.m.–6p.m.', '9a.m.–5p.m.']"
190,Youmei hair & beauty,None,None,None,089 982 3513,treatwell.ie,4.5,"['10:30a.m.–7p.m.', '10:30a.m.–7:30p.m.', '10:30a.m.–7:30p.m.', '10:30a.m.–7:30p.m.', '10a.m.–8p.m.', '10a.m.–8p.m.', '10a.m.–8p.m.']"
191,L & L Hair Studio Crumlin Village,"Unit 1 windmill lodge, Windmill Rd, Crumlin, Dublin, D12 YRK2",53.3211512,-6.3157962,(01) 441 3510,landlhairstudio.ie,5.0,"['Closed', 'Closed', '10a.m.–6p.m.', '10a.m.–6p.m.', '10a.m.–8p.m.', '10a.m.–6p.m.', '9a.m.–5p.m.']"
192,RAINBOW,None,None,None,None,None,None,[]
193,Debonair Hair & Beauty,"12 St Mary's Rd, Walkinstown, Dublin, D12 V62P",53.324592,-6.317973599999999,,,4.9,"['Closed', '9a.m.–5:30p.m.', '9a.m.–5:30p.m.', '9a.m.–5:30p.m.', '9a.m.–8p.m.', '9a.m.–8p.m.', '9a.m.–5:30p.m.']"
194,Studio 44 Hair & Beauty Salon,Dublin,53.3498053,-6.2603097,None,None,5.0,[]
195,Tallaght Hair & Beauty Academy,"Whitestown Rd, Whitestown, Dublin",53.28209649999999,-6.381142499999999,(01) 452 5917,None,4.7,"['Closed', 'Closed', '9:30a.m.–6p.m.', '9:30a.m.–6p.m.', '9:30a.m.–7p.m.', '9:30a.m.–7p.m.', '9a.m.–5p.m.']"
196,Color Therapy,"199 Kimmage Rd Lower, Kimmage, Dublin 6W, Co. Dublin, D6W XA31",53.31877369999999,-6.291805200000001,(01) 492 6308,m.facebook.com,4.9,[]
197,Gillian Edgeworth Hair Studio,"3 Cow's Ln, Temple Bar, Dublin",53.3439957,-6.2686208,(01) 675 0557,gillianedgeworth.ie,4.7,"['Closed', 'Closed', '9a.m.–6p.m.', '9a.m.–6p.m.', '9a.m.–8p.m.', '9a.m.–6p.m.', '9a.m.–5p.m.']"
198,Hair by Rachel,"17 Rathsallagh Grove, Co, Dublin, D18 CX72",53.2402267,-6.1186454,086 849 5480,hairbyrachelonlinestore.myshopify.com,5.0,['']
199,Ritzys Hair Salon,"William Street, Puttaghan, Tullamore, Co. Offaly, R35 FY92",53.2766053,-7.4920535,(057) 934 1036,ritzyshairsalon.ie,4.5,"['Closed', 'Closed', '9:30a.m.–6p.m.', '9:30a.m.–6p.m.', '9:30a.m.–7p.m.', '9:30a.m.–7p.m.', '9a.m.–6p.m.']"
200,Sharpe Hair Studio,"6 High St, Tallaght, Dublin",53.2876753,-6.365672099999999,(01) 451 4055,None,5.0,"['Closed', 'Closed', '9a.m.–5p.m.', '9a.m.–5p.m.', '9a.m.–7p.m.', '9a.m.–6p.m.', '8a.m.–4:30p.m.']"
201,Black Amber,"68 Main St, Gorey corporation lands, Gorey, Co. Wexford, Y25 CY83",52.6753227,-6.2953183,(053) 942 0419,blackamber.ie,4.9,"['Closed', '9a.m.–6p.m.', '9a.m.–6p.m.', '9a.m.–6p.m.', '9a.m.–9p.m.', '9a.m.–9p.m.', '9a.m.–6p.m.']"
202,DNA Hair Salon,None,None,None,085 832 1512,None,4.8,"['Closed', 'Closed', '9a.m.–5p.m.', '9a.m.–5p.m.', '9a.m.–5p.m.', '9a.m.–5p.m.', '9a.m.–5p.m.']"
203,All About Hair & Beauty,"465 S Circular Rd, Rialto, Dublin 8, D08 X2R4",53.3361309,-6.298869499999999,(01) 453 7316,None,3.8,[]
204,Peter Mark,"Unit 38, Fonthill Rd, Clondalkin, Dublin 22",53.3527958,-6.3903003,(01) 623 1112,petermark.ie,4.3,"['11a.m.–5p.m.', '9:30a.m.–6p.m.', '9:30a.m.–6p.m.', '9:30a.m.–9p.m.', '9:30a.m.–9p.m.', '9:30a.m.–9p.m.', '9a.m.–6p.m.']"
205,Aida's Hair salon,"e, Tower Commercial Centre, Monastery Road, Bushelloaf, Dublin",53.3210568,-6.392701499999999,(01) 529 8366,aidas-hair-salon.business.site,4.5,"['11a.m.–3p.m.', 'Closed', '10a.m.–7p.m.', '10a.m.–7p.m.', '10a.m.–7p.m.', '10a.m.–7p.m.', '9a.m.–6p.m.']"
206,Brown Sugar,"36 Main St, Blackrock, Co. Dublin, A94 E8H1",53.30114409999999,-6.1766185,(01) 210 8630,brownsugar.ie,4.7,"['Closed', '9a.m.–5:30p.m.', '9a.m.–5:30p.m.', '9a.m.–5:30p.m.', '9a.m.–5:30p.m.', '9a.m.–8p.m.', '9a.m.–5:30p.m.']"
207,Una's Hair Salon,"2 St Gall Gardens S, Farranboley, Dublin, D14 EE06",53.3041446,-6.2498004,(01) 296 1587,unassalon.ie,4.8,"['Closed', '9a.m.–6p.m.', '9a.m.–6p.m.', '9a.m.–6p.m.', '9a.m.–6p.m.', '9a.m.–6p.m.', '9a.m.–6p.m.']"
208,Wigs Ireland,"34 Donnybrook, Main Street, Dublin",53.3220622,-6.2358705,(01) 260 8874,wig.ie,5.0,[]
209,LUIZ HAIRDRESSER,"97 Talbot St, Rotunda, Dublin 1, D01 E2N3",53.3502109,-6.2568645,089 702 4299,None,None,"['Closed', '9a.m.–1p.m.', '5–8p.m.', '9a.m.–1p.m.', '5–8p.m.', '9a.m.–1p.m.', '5–8p.m.', '9a.m.–1p.m.', '5–8p.m.', '9a.m.–1p.m.', '5–8p.m.', '9a.m.–8p.m.']"
210,The Colour Den,None,None,None,(01) 298 9701,colourdensalon.com,5.0,"['Closed', 'Closed', '9:30a.m.–6:30p.m.', '9:30a.m.–6:30p.m.', '9:30a.m.–6:30p.m.', '9:30a.m.–6:30p.m.', '9:30a.m.–6:30p.m.']"
211,House of Colour,"3 Capel St, North City, Dublin 1, D01 Y650",53.3462943,-6.2677611,(01) 877 9097,houseofcolour.ie,None,[]
212,Salon Vintage,"131 St Peter's Rd, Greenhills Rd, Walkinstown, Dublin 12, D12 CC9C",53.3122692,-6.327068799999999,(01) 450 8343,None,None,[]
213,Queen dame street,"52 Dame St, Temple Bar, Dublin 2, D02 TR59",53.3443197,-6.2640728,,,5.0,"['Closed', 'Closed', '9a.m.–6p.m.', '9a.m.–8p.m.', '9a.m.–8p.m.', '9a.m.–6p.m.', '9a.m.–6p.m.']"
214,The Room D4,"6 Seafort Ave, Dublin 4, D04 YA24",53.3326144,-6.2150273,(01) 215 3786,theroomd4.ie,4.9,[]
215,Peter Mark Hairdressers Nutgrove,"Nutgrove Shopping Centre, 31 Nutgrove Way, Rathfarnham, Dublin 14",53.2897265,-6.2674656,(01) 493 3080,petermark.ie,4.4,"['11a.m.–5p.m.', '9a.m.–6p.m.', '9a.m.–6p.m.', '9a.m.–9p.m.', '9a.m.–9p.m.', '9a.m.–9p.m.', '9a.m.–6p.m.']"
216,Shei Hair & Beauty Salon,"57 Mary St, North City, Dublin, D01 C6X5",53.3486815,-6.2678741,089 456 0587,treatwell.ie,3.6,[]
217,FK Hair Studio,None,None,None,083 344 4787,fkhairstudio.ie,5.0,[]
218,Esmers Hair Studio,None,None,None,(01) 490 7620,esmershairstudio.com,5.0,"['Closed', '9:30a.m.–5p.m.', '9a.m.–6p.m.', '9a.m.–6p.m.', '9a.m.–8p.m.', '9a.m.–6p.m.', '9a.m.–5p.m.']"
219,The Hair Artist,"Unit 4, 9/10 Eustace St, Temple Bar, Dublin 2, D02 F729",53.34480199999999,-6.264901,087 243 5632,facebook.com,5.0,"['Closed', 'Closed', '10a.m.–7p.m.', '10a.m.–7p.m.', '11a.m.–9p.m.', '10a.m.–7p.m.', '9a.m.–5p.m.']"
220,Halo Hair,"27 William St S, Dublin 2, D02 RP86",53.341611,-6.263089,087 396 0983,halohair.ie,None,[]
221,Errigal Unisex Hair and Beauty Salon,"12a Errigal Rd, Drimnagh, Dublin 12, D12 YTY7",53.3256076,-6.321348299999999,(01) 455 8026,None,4.2,"['Closed', 'Closed', '9:30a.m.–5p.m.', '9:30a.m.–5p.m.', '9:30a.m.–5p.m.', '9:30a.m.–5p.m.', '9a.m.–5p.m.']"
222,Alanis Hair Design & Barbers,"25-26 Mary Street Little, Smithfield, Dublin 7, D07 HN12",53.3482431,-6.2693335,(01) 872 8564,m.facebook.com,4.3,"['9a.m.–9p.m.', '9a.m.–9p.m.', '9a.m.–9p.m.', '9a.m.–9p.m.', '9a.m.–9p.m.', '9a.m.–9p.m.', '9a.m.–9p.m.']"
223,La Salon Soeur,"1 Wainsfort Dr, Kimmage, Dublin, D6W CH72",53.3093685,-6.3049374,(01) 490 2607,None,4.6,"['Closed', 'Closed', '9:30a.m.–5:30p.m.', '9:30a.m.–5:30p.m.', '9:30a.m.–5:30p.m.', '9:30a.m.–5:30p.m.', '9:30a.m.–5:30p.m.']"
224,Frankies Hairdressing,"Parnell St, Ballycullenbeg, Mountmellick, Co. Laois, R32 DC67",53.11608589999999,-7.324275999999999,(057) 867 9500,frankieshairdressing.ie,4.8,"['Closed', 'Closed', '9a.m.–5p.m.', '9a.m.–5p.m.', '9a.m.–7:30p.m.', '9a.m.–7:30p.m.', '9a.m.–5:30p.m.']"
225,A&G Creations Hair and Beauty Salon,"Unit 1, Newcastle Shopping Centre, Main St, Cornerpark, Newcastle, Co. Dublin, D22 X4E7",53.3000974,-6.4993438,(01) 401 3260,agcreations.ie,5.0,"['Closed', '9a.m.–6p.m.', '9a.m.–6p.m.', '9a.m.–6p.m.', '9a.m.–8p.m.', '9a.m.–8p.m.', '9a.m.–5p.m.']"
226,Venus Hair and Beauty,"Tower Road, Clondalkin, Dublin 22, D22 V2R2",53.3206632,-6.3945099,(01) 457 9735,facebook.com,4.9,"['Closed', 'Closed', '10a.m.–6p.m.', '10a.m.–6p.m.', '10a.m.–8p.m.', '10a.m.–6p.m.', '10a.m.–5p.m.']"
227,Seven Hairdressing,"Johnstown, Enfield, Co. Meath",53.4142026,-6.8296541,(046) 954 2900,facebook.com,4.9,"['Closed', '9a.m.–9p.m.', '9a.m.–9p.m.', '9a.m.–9p.m.', '9a.m.–9p.m.', '9a.m.–9p.m.', '9a.m.–5p.m.']"
228,V2 Hair Design,"3A Orchard Rd, Clondalkin, Dublin, D22 KN60",53.3217011,-6.393338399999999,(01) 457 2465,v2hairdesign.ie,4.8,"['Closed', 'Closed', '9:30a.m.–6p.m.', '9:30a.m.–6p.m.', '9:30a.m.–8p.m.', '9:30a.m.–8p.m.', '9a.m.–6p.m.']"
229,Reflections Hair Loom,"149 Emmet Rd, Inchicore, Dublin 8, D08 PR94",53.3401695,-6.317356,(01) 454 5822,None,4.8,"['Closed', 'Closed', '9:30a.m.–5p.m.', '9:30a.m.–5p.m.', '9:30a.m.–7p.m.', '9:30a.m.–7p.m.', '9a.m.–5p.m.']"
230,Mane Hair Salon,"16 William St S, Dublin 2, D02 NY90",53.3421645,-6.262685299999999,(01) 672 5177,hairbymane.ie,4.3,"['Closed', 'Closed', '9a.m.–6p.m.', '9a.m.–6p.m.', '9a.m.–7:30p.m.', '9a.m.–7p.m.', '9a.m.–5:30p.m.']"
231,The Tan Fairy,"Kingswood Shopping Centre, Unit 5, Sylvan Dr, Kingswood Ave, Dublin 24",53.3078182,-6.3675776,(01) 452 6552,thetanfairykingswood.myshopify.com,4.9,"['Closed', 'Closed', '9:30a.m.–5:30p.m.', '9:30a.m.–5:30p.m.', '8a.m.–9p.m.', '9:30a.m.–7p.m.', '9a.m.–5p.m.']"
232,Serenity Hair & Beauty Clinic,"Unit 1 Main St, Ballinagappa Rd, Abbeyland, Clane, Co. Kildare",53.2926983,-6.6872381,(045) 893 937,serenityhairandbeautyclane.com,4.9,"['Closed', 'Closed', 'Open 24 hours', '8:30a.m.–8:30p.m.', '8:30a.m.–8:30p.m.', '8:30a.m.–8:30p.m.', '8a.m.–6p.m.']"
233,Your Hair,"Killeshiin Road, Graigue, Carlow",52.8366336,-6.9424408,,None,5.0,"['Closed', '9:30a.m.–12:30p.m.', '1:30–6p.m.', '9:30a.m.–6p.m.', '9:30a.m.–6p.m.', '9:30a.m.–8p.m.', '9:30a.m.–6p.m.', '8:30a.m.–5p.m.']"
234,House of Colour,"The Griffeen Centre, Unit 4, Griffeen Rd, Lucan, Co. Dublin, K78 P684",53.3406768,-6.432310699999999,(01) 505 9797,houseofcolour.ie,4.6,"['Closed', '10a.m.–5:30p.m.', '10a.m.–5:30p.m.', '10a.m.–5:30p.m.', '10a.m.–8p.m.', '10a.m.–7p.m.', '9a.m.–5p.m.']"
235,Angelina Hair Salon,"Saint Peter's Road St Peter's Rd, Walkinstown, Dublin 12, D12 KX23",53.3136221,-6.329329299999999,(01) 534 9524,angelinasalon.ie,4.9,"['Closed', '9a.m.–5p.m.', '9a.m.–5p.m.', 'Closed', '9a.m.–7p.m.', '9a.m.–7p.m.', '9a.m.–5p.m.']"
236,Fusion Hair Salon,"Blackrock Village Center, Main Street, Blackrock, Co. Louth, A91 VP0A",53.9604556,-6.3674548,(042) 932 3747,None,4.3,"['Closed', 'Closed', '9:30a.m.–5:30p.m.', '9:30a.m.–5:30p.m.', '9:30a.m.–5:30p.m.', '9:30a.m.–7p.m.', '9:30a.m.–5p.m.']"
237,Thomas Kendall Hair,"Castleknock Rd, Castleknock, Dublin",53.3711773,-6.3540486,(01) 640 5275,thomaskendallhair.com,4.7,"['Closed', 'Closed', '10a.m.–6p.m.', '10a.m.–6p.m.', '10a.m.–8p.m.', '10a.m.–6p.m.', '9a.m.–6p.m.']"
238,Shamooze,"Bawnogue Shopping Centre, Bawnogue Rd, Clonburris Great, Dublin 22",53.32455,-6.411187,(01) 457 6115,None,5.0,"['Closed', 'Closed', '10a.m.–5p.m.', '10a.m.–5p.m.', '10a.m.–8p.m.', '9a.m.–6p.m.', '9a.m.–5p.m.']"
239,Emma Jane Hair Studio,"27 William St S, Dublin 2, D02 RP86",53.341611,-6.263089,(045) 914 997,facebook.com,5.0,[]
240,Fringe Hairdressing,"165 St Mobhi Rd, Botanic, Dublin, D09 CH22",53.3707016,-6.2681894,(01) 836 9564,fringe.ie,4.8,"['Closed', 'Closed', '9:30a.m.–6p.m.', '9:30a.m.–6p.m.', '9:30a.m.–7p.m.', '9:30a.m.–6p.m.', '9a.m.–5p.m.']"
241,Hairspray Ballymount HQ,"Fashion City, Unit 22, Ballymount Rd Upper, Ballymount, Dublin, D24 E861",53.3069333,-6.352073499999999,(01) 429 5688,hairspray.ie,4.4,"['Closed', '9a.m.–6p.m.', '9a.m.–6p.m.', '9a.m.–6p.m.', '9a.m.–6p.m.', '9a.m.–6p.m.', '10a.m.–5p.m.']"
242,Ballance Hair,"Leopardstown Shopping Centre, Ballyogan Rd, Ballyogan, Dublin 18, D18 P9X7",53.2592565,-6.196853099999999,(01) 294 8888,ballancehairandbeauty.com,4.9,"['Closed', '9a.m.–6p.m.', '9a.m.–6p.m.', '9a.m.–8p.m.', '9a.m.–6p.m.', '9a.m.–8p.m.', '9a.m.–6p.m.']"
243,Shinelle Hair Salon,"Rathronan, Bridgetown, Co. Wexford, Y35 N2H1",52.2438515,-6.553645299999999,087 995 2506,None,4.6,"['11a.m.–5p.m.', 'Closed', '9a.m.–6p.m.', '9a.m.–6p.m.', '9a.m.–6p.m.', '9a.m.–6p.m.', '9a.m.–5:30p.m.']"
244,Sunny Hair Salon,"4 Sundrive Rd, Kimmage, Dublin 12, D12 Y625",53.3196388,-6.291095700000001,087 346 7879,None,4.8,"['10a.m.–6p.m.', '9:30a.m.–7:30p.m.', '9:30a.m.–7:30p.m.', '9a.m.–7:30p.m.', '9a.m.–7:30p.m.', '9a.m.–7:30p.m.', '9a.m.–7:30p.m.']"
245,Romina Daniel Hair & Beauty Sandyford,"Unit 3 Sandyford Hall Shopping Centre, Kilgobbin Road, Sandyford, Dublin, D18 PA43",53.2638409,-6.215084399999999,(01) 564 9926,rominadaniel.ie,5.0,"['Closed', 'Closed', '9:30a.m.–6p.m.', '9:30a.m.–6p.m.', '9:30a.m.–9p.m.', '9:30a.m.–7p.m.', '8:30a.m.–5p.m.']"
246,Shampoo Hair and Beauty,None,None,None,(01) 451 8705,None,4.2,[]
247,Momento Hair Salon - Galway,"18 High St, Galway, H91 W7D2",53.27195469999999,-9.0534027,(091) 565 569,momentohair.ie,4.7,"['Closed', 'Closed', '9a.m.–6p.m.', '9a.m.–6p.m.', '9a.m.–7p.m.', '9a.m.–7p.m.', '9a.m.–6p.m.']"
248,Melt Hair and Beauty,"13 Rathgar Rd, Rathmines, Dublin, D06 N5F2",53.3216378,-6.2670822,085 718 4998,melthairandbeauty.ie,5.0,"['Closed', 'Closed', '10a.m.–9p.m.', '10a.m.–9p.m.', '10a.m.–9p.m.', '10a.m.–9p.m.', '9a.m.–6p.m.']"
249,Sarah Lyons Hair and Beauty Bar,"Main St, Summerhill, Co. Meath, A83 AK29",53.4816099,-6.732193499999999,(046) 955 8833,sarahlyonshairandbeautybar.ie,4.9,[]
250,Ruby Reds Hair Salon,"Newpark Shopping Centre, Newpark, Kilkenny",52.6601035,-7.241073299999999,(056) 775 6055,rubyreds.ie,5.0,[]
251,Queen Hairdressing,"The Hill, Stillorgan, Dublin",53.2882494,-6.196335899999999,(01) 685 4266,queen.ie,4.9,"['Closed', 'Closed', '10a.m.–6p.m.', '10a.m.–7p.m.', '10a.m.–8p.m.', '10a.m.–6p.m.', '9a.m.–6p.m.']"
252,Style 4 Hair Beauty,"66 Meath St, The Liberties, Dublin 8, D08 DK64",53.3408777,-6.278140199999999,(01) 473 7383,None,None,[]
253,Lisa's Nails & Beauty Salon,None,None,None,,,4.7,"['Closed', '10a.m.–7p.m.', '10a.m.–7p.m.', '10a.m.–7p.m.', '10a.m.–7p.m.', '10a.m.–7p.m.', '9a.m.–12p.m.']"
254,Niall Colgan Hairdressing,"O'Callaghan Strand, Limerick, V94 WK27",52.6647439,-8.6325862,(061) 582 240,niallcolganhairdressing.ie,4.8,"['Closed', '9a.m.–6p.m.', '9a.m.–6p.m.', '9a.m.–6p.m.', '9a.m.–8p.m.', '9a.m.–8p.m.', '8:30a.m.–5:30p.m.']"
255,V studio Walkinstown,None,None,None,(01) 429 9999,vstudio.ie,5.0,"['Closed', '9a.m.–5p.m.', '10a.m.–6p.m.', '10a.m.–8p.m.', '10a.m.–7p.m.', '9a.m.–7p.m.', '8:30a.m.–5p.m.']"
256,Tangles Hair Design,"Weaver's Court, Unit 1, Old main street, Prosperous, Co. Kildare, W91 XP9E",53.29168199999999,-6.754526299999999,(045) 840 695,tangleshairdesignclane.com,5.0,"['Closed', 'Closed', '9a.m.–5:30p.m.', '9a.m.–5:30p.m.', '9a.m.–5:30p.m.', '9a.m.–7p.m.', '9a.m.–5:30p.m.']"
257,Spirit Hair Studio,"Unit 1A Killinarden Enterprise Park Killinarden Enterprise Centre, Dublin 24",53.2770752,-6.3772259,(01) 451 0008,None,4.8,"['Closed', 'Closed', '9a.m.–6p.m.', '9a.m.–6p.m.', '9a.m.–6p.m.', '9a.m.–7p.m.', '9a.m.–5p.m.']"
258,Alan Keville for Hair,"4 Selskar St, Ferrybank South, Wexford, Y35 AK28",52.3413019,-6.4634408,(053) 912 2102,kevillehair.com,4.9,"['Closed', '9:30a.m.–6p.m.', '9:30a.m.–6p.m.', '9:30a.m.–6p.m.', '9:30a.m.–8p.m.', '9:30a.m.–8p.m.', '9a.m.–5:30p.m.']"
259,Peter Mark Hairdressers Letterkenny,"Unit B, Fort Lynne House, Letterkenny, Co. Donegal",54.94789429999999,-7.7313006,(074) 912 8657,petermark.ie,4.7,"['Closed', '9a.m.–6p.m.', '9a.m.–6p.m.', '9a.m.–6p.m.', '9a.m.–8:30p.m.', '9a.m.–8:30p.m.', '9a.m.–5:30p.m.']"
260,Salon 2 Hairdressing,"5 Adelaide St, Abbeyquarter North, Sligo",54.2710399,-8.4795389,(071) 916 0341,salon2hairdressing.ie,5.0,"['Closed', '9a.m.–6p.m.', '9a.m.–6p.m.', '9a.m.–8p.m.', '9a.m.–8p.m.', '9a.m.–7p.m.', '9a.m.–5:30p.m.']"
261,Obsessed Hair Salon,None,None,None,(061) 210 768,obsessedhairsalon.ie,4.7,"['Closed', 'Closed', '9a.m.–5:30p.m.', '9a.m.–5:30p.m.', '9a.m.–7:30p.m.', '9a.m.–7:30p.m.', '9a.m.–7:30p.m.']"
262,Salon Sia,"45 Woodpark, O'Rourke Park, Thomastown, Dublin, A96 R8FY",53.2778377,-6.1414738,(01) 202 3216,salonsia.ie,4.8,"['Closed', 'Closed', '9a.m.–5p.m.', '9a.m.–5p.m.', '9a.m.–5p.m.', '9a.m.–5p.m.', '9a.m.–5p.m.']"
263,CHAIR Hair Salon,None,None,None,(021) 424 8710,chair.ie,4.9,"['Closed', '9:30a.m.–5:30p.m.', '9:30a.m.–5:30p.m.', '9:30a.m.–5:30p.m.', '9:30a.m.–6:30p.m.', '9:30a.m.–7:30p.m.', '9:30a.m.–8:30p.m.']"
264,Manor Hair Studios,"38 Manor Rd, Redcowfarm, Dublin, D20 WD25",53.3514573,-6.3684981,(01) 623 5542,None,5.0,[]
265,L&A Hair Barbers & Hair Salon,"Guillivers Retail Park, Santry Demesne, Dublin",53.40506999999999,-6.261500000000001,(01) 852 3030,lahair.ie,4.3,"['Closed', '10a.m.–6p.m.', '10a.m.–6p.m.', '10a.m.–6p.m.', '9a.m.–8p.m.', '9a.m.–7p.m.', '9a.m.–5p.m.']"
266,The Collective By Lloyds,"40-44 Patrick St, Waterford, X91 X3KF",52.2599149,-7.112879899999999,(051) 878 964,thecollectivebylloyds.ie,4.8,"['Closed', '9a.m.–8p.m.', '9a.m.–8p.m.', '9a.m.–5p.m.', '9a.m.–5p.m.', '9a.m.–5p.m.', '9a.m.–3p.m.']"
267,Lavish Locks Hair and Beauty Lounge,None,None,None,(01) 841 5287,llhairandbeautylounge.ie,4.6,"['Closed', 'Closed', '9a.m.–6p.m.', '9a.m.–6p.m.', '9a.m.–9p.m.', '9a.m.–9p.m.', '9a.m.–5p.m.']"
268,Premier Hair and Beauty Supplies,None,None,None,(01) 905 3777,None,4.5,"['12–4p.m.', '9a.m.–6p.m.', '9a.m.–6p.m.', '9a.m.–8p.m.', '9a.m.–6p.m.', '9a.m.–3p.m.', 'Closed']"
269,The Hair Salon,"Riverside Wharf, West Beach, Kilgarvan, Cobh, Co. Cork",51.8500289,-8.2922618,(021) 485 5866,thehairsalon.ie,5.0,"['Closed', 'Closed', '9a.m.–6p.m.', '9a.m.–6p.m.', '9a.m.–6p.m.', '9a.m.–6p.m.', '8a.m.–4p.m.']"
270,Pzazz Hair Design,"Rear, The Old Church, Stillorgan, co., Lower Kilmacud Rd, Stillorgan, Co. Dublin",53.2888457,-6.206061999999999,(01) 288 5859,None,4.8,[]
271,Be Gorgeous - Dublin,"6 St Andrew's St, Dublin 2, D02 VW40",53.3432244,-6.2618197,None,None,None,[]
272,SitStil,"17 Drury St, Dublin, D02 FW68",53.3419821,-6.2636631,(01) 616 8887,sitstil.com,4.8,"['Closed', '9a.m.–5p.m.', '9a.m.–5p.m.', '9a.m.–5p.m.', '9a.m.–8p.m.', '9a.m.–5p.m.', '9a.m.–5p.m.']"
273,Amandas Hair Salon Wicklow Town,"9 The Mall, Wicklow, A67 VW83",52.9801936,-6.0395372,,,4.7,"['Closed', '9a.m.–5:30p.m.', '9a.m.–5:30p.m.', '9a.m.–5:30p.m.', '9a.m.–5:30p.m.', '9a.m.–5:30p.m.', '9a.m.–5p.m.']"
274,Patrick Gildea Hairdressing & Beauty,"Unit 2b, Riverside Retail Park, Neil T Blaney Rd, Letterkenny, Co. Donegal",54.9459439,-7.7275993,(074) 912 5476,patrickgildea.ie,4.6,"['Closed', '9a.m.–8p.m.', '9a.m.–8p.m.', '9a.m.–8p.m.', '9a.m.–8p.m.', '9a.m.–8p.m.', '8a.m.–7p.m.']"
275,Colour Savers - Wholesale Hair Salon Supplies,None,None,None,(01) 531 1600,coloursavers.com,4.4,"['Closed', '8a.m.–5p.m.', '8a.m.–5p.m.', '8a.m.–5p.m.', '8a.m.–5p.m.', '8a.m.–4p.m.', 'Closed']"
276,OB-1 Hair,"Unit 6 Glenroyal shopping center, Straffan Rd, Maynooth, Co. Kildare, W23 Y5P3",53.3802388,-6.5885698,(01) 903 6558,ob1hair.ie,4.9,"['Closed', '9a.m.–9p.m.', '9a.m.–9p.m.', '9a.m.–9p.m.', '9a.m.–9p.m.', '9a.m.–9p.m.', '8a.m.–6p.m.']"
277,Peter Mark Hairdressers Merrion Shopping Centre,"Merrion Shopping Centre Dublin 4, Ballsbridge, Co. Dublin",53.31855669999999,-6.213863,(01) 283 8300,petermark.ie,4.4,"['11a.m.–5p.m.', '8a.m.–6p.m.', '8a.m.–6p.m.', '8a.m.–6p.m.', '8a.m.–9p.m.', '8a.m.–9p.m.', '8a.m.–6p.m.']"
278,StyleParlor Salon Supplies,"10-13, Hebron Business Park, Hebron Rd, Leggetsrath West, Kilkenny",52.654466,-7.232207499999999,1890 123 123,styleparlor.ie,5.0,"['1–5p.m.', '9a.m.–6p.m.', '9a.m.–6p.m.', '9a.m.–8p.m.', '9a.m.–6p.m.', '9a.m.–5p.m.', 'Closed']"
279,The hair lab,"8b Porters Rd, Coolmine Industrial Estate, Dublin, D15 NN8F",53.3832843,-6.3984495,None,None,5.0,[]
280,L'OmBre Terenure,"88 Terenure Rd E, Terenure, Dublin 6, D06 FK71",53.3101697,-6.2827468,(01) 485 3430,lombre.ie,5.0,"['10a.m.–5p.m.', '9a.m.–6p.m.', '9a.m.–6p.m.', '9a.m.–6p.m.', '9a.m.–8p.m.', '9a.m.–8p.m.', '9a.m.–6p.m.']"
281,Hair By Lucy At the Lounge,"R772, Commons, Co. Wicklow",53.0059004,-6.1038318,(0404) 62485,None,4.9,[]
282,BellaFurniture.ie - Beauty Salon Furniture Ireland,"Cherry Orchard Industrial Estate, Unit 68A, Ballyfermot, Co. Dublin, D10 NH27",53.3461222,-6.3732821,(01) 442 9939,bellafurniture.ie,5.0,"['Open 24 hours', 'Open 24 hours', 'Open 24 hours', 'Open 24 hours', 'Open 24 hours', 'Open 24 hours', 'Open 24 hours']"
283,JH Hair Care,"84 Highfield Rd, Rathfarnham, Dublin 6, D06 RF97",53.3133606,-6.2648734,(01) 406 5522,jhhaircare.ie,5.0,"['Closed', 'Closed', '9a.m.–5p.m.', '9a.m.–6p.m.', '9a.m.–6p.m.', '9a.m.–6p.m.', '9a.m.–6p.m.']"
284,Ilona's Hair Salon,"Tullyvarraga, Shannon, Co. Clare",52.7084909,-8.8790099,(061) 360 970,facebook.com,4.7,"['Closed', '9a.m.–6p.m.', '9a.m.–6p.m.', '9a.m.–6p.m.', '9a.m.–7p.m.', '9a.m.–7p.m.', '9a.m.–5p.m.']"
285,Studio lane,"134 Whitehall Rd W, Perrystown, Dublin 12, D12 FD32",53.3106972,-6.320990399999999,086 088 8011,None,None,"['Closed', 'Closed', 'Closed', '9a.m.–8p.m.', '9a.m.–8p.m.', '9a.m.–8p.m.', '9a.m.–8p.m.']"
286,Salon Glow,"Roslevan Shopping Centre, Tulla Road, Ennis, Co. Clare",52.8566897,-8.9596093,(065) 686 8251,glow.ie,4.9,"['Closed', '9a.m.–7p.m.', '9a.m.–7p.m.', '9a.m.–7p.m.', '9a.m.–7p.m.', '9a.m.–8p.m.', '9a.m.–5:30p.m.']"
287,Cathriona's Hairsalon,"Mary Street, Tralee, Co. Kerry",52.26802929999999,-9.7080333,(066) 714 4626,cathrionashairsalon.com,4.5,"['Closed', '8a.m.–8p.m.', '8a.m.–8p.m.', '8a.m.–8p.m.', '8a.m.–8p.m.', '8a.m.–8p.m.', '8a.m.–8p.m.']"
288,Orchid's Hair & Beauty Salon,None,None,None,(01) 850 0055,orchidssalon.ie,4.0,"['Closed', '9:30a.m.–6:30p.m.', '9:30a.m.–6:30p.m.', '9:30a.m.–8p.m.', '9:30a.m.–8p.m.', '9:30a.m.–8p.m.', '9a.m.–6:30p.m.']"
289,Hannah's Hair Salon,"Carroward East, Co. Limerick",52.3359561,-8.9003334,None,None,None,[]
290,Salon Euphoria,"14 Townyard Ln, Malahide, Co. Dublin, K36 X985",53.4520207,-6.1523169,(01) 845 4755,saloneuphoria.ie,4.4,"['Closed', 'Closed', '9:30a.m.–6p.m.', '9:30a.m.–6p.m.', '9:30a.m.–8p.m.', '9a.m.–6p.m.', '9a.m.–6p.m.']"
291,The Space,"18 Drumcondra Rd Lower, Botanic, Dublin 9, D09 VX73",53.3624038,-6.2591397,(01) 441 1877,thespace.ie,4.9,"['Closed', 'Closed', '10a.m.–8p.m.', '10a.m.–8p.m.', '10a.m.–8p.m.', '10a.m.–6p.m.', '8a.m.–4p.m.']"
292,Yourells Hair Salon,"23-25 Eyre St, Galway, H91 YV48",53.27526630000001,-9.0515244,(091) 563 545,yourells.com,4.6,"['Closed', '9a.m.–6p.m.', '9a.m.–6p.m.', '9a.m.–6p.m.', '9a.m.–8p.m.', '9a.m.–6p.m.', '9a.m.–5:30p.m.']"
293,Secret Sanctuary Hair and Beauty,"Borris, Co. Carlow",52.5998053,-6.923082399999999,,,4.8,"['Closed', 'Closed', '9:30a.m.–5:30p.m.', '9:30a.m.–5:30p.m.', '9:30a.m.–5:30p.m.', '9a.m.–6p.m.', '9a.m.–6p.m.']"
294,Essence of Beauty,None,None,None,(01) 230 4278,essenceofbeautydublin.com,4.6,"['Closed', 'Closed', '9a.m.–7p.m.', '9a.m.–7p.m.', '9a.m.–7p.m.', '9a.m.–7p.m.', '9a.m.–7p.m.']"
295,Hair Passion Art Salon,"8 Cross St, Centre, Cork, T12 HT91",51.89782539999999,-8.478251100000001,086 246 3189,hairpassion.ie,4.8,"['Closed', '10a.m.–6p.m.', '10a.m.–6p.m.', '10a.m.–6p.m.', '10a.m.–6p.m.', '10a.m.–6p.m.', '10a.m.–6p.m.']"
296,The Bohemian Rooms,"Bawnogue Shopping Centre, 2, Dublin",53.32472120000001,-6.4114964,085 126 2777,facebook.com,4.4,"['Closed', 'Closed', 'Closed', '9a.m.–5p.m.', '9a.m.–7p.m.', '9a.m.–5p.m.', '9a.m.–5p.m.']"
297,Purite Ireland,None,None,None,087 327 8934,None,None,[]
298,Eutopia Hair Salon,"Society St, Townparks, Ballinasloe, Co. Galway",53.3307608,-8.2244264,(090) 964 5977,None,None,[]
299,Cathrionas hair group Dingle,"NO 3, The Tracks, Dingle, Co. Kerry, V92 F449",52.1389763,-10.2719014,(066) 915 1744,cathrionashairsalon.com,5.0,"['Closed', 'Closed', '9:30a.m.–5p.m.', '9:30a.m.–5p.m.', '9:30a.m.–7p.m.', '8:30a.m.–6p.m.', '8a.m.–4p.m.']"
300,Urban Angels Hair Salon,"The Gallery Mall, Glin, Co. Limerick, V94 V8N2",52.5690248,-9.2820958,(068) 26811,urbanangelshairsalon.com,5.0,"['Closed', 'Closed', '9a.m.–5:30p.m.', '9a.m.–5:30p.m.', '9a.m.–8p.m.', '9a.m.–5:30p.m.', '9a.m.–5p.m.']"
301,Lightwaves,"110 Nutgrove Ave, Rathfarnham, Dublin, D14 K6P6",53.2922752,-6.2719532,(01) 494 5337,None,4.5,[]
302,Kaos,"Harmony Hill, Abbeyquarter North, Sligo, F91 VF74",54.2700589,-8.4749491,(071) 914 2488,kaos.ie,4.9,"['Closed', '9a.m.–6p.m.', '9a.m.–6p.m.', '9a.m.–6p.m.', '9a.m.–9p.m.', '9a.m.–9p.m.', '9a.m.–5:30p.m.']"
303,Hairitage,"Unit 1 SuperValu shopping, Kells, Co. Meath",53.7294373,-6.8826586,(046) 929 3525,hairitage.ie,4.6,"['10a.m.–3:30p.m.', '9a.m.–5:30p.m.', '9a.m.–5:30p.m.', '9a.m.–5:30p.m.', '9a.m.–8p.m.', '9a.m.–8p.m.', '9a.m.–5:30p.m.']"
304,Origin Hair Design,"23/25 Drawbridge St, Centre, Cork, T12 F2WD",51.8999026,-8.4711772,(021) 427 0155,originhairdesign.ie,4.9,"['Closed', '8:30a.m.–6p.m.', '8:30a.m.–6p.m.', '8:30a.m.–6p.m.', '8:30a.m.–9p.m.', '8:30a.m.–9p.m.', '8:30a.m.–6p.m.']"
305,The Skincare and Hair Spa,"Castle St, Cloonbrackna, Roscommon",53.63456979999999,-8.1899157,(090) 662 6041,skincarehairspa.ie,5.0,"['Closed', 'Closed', '9a.m.–6p.m.', '9a.m.–6p.m.', '9a.m.–6p.m.', '9a.m.–8p.m.', '9a.m.–5:30p.m.']"
306,Hair Republic,"Westside Shopping Centre, Unit 6, Seamus Quirke Rd, Galway",53.2756486,-9.076729799999999,(091) 524 684,hairrepublic.ie,4.5,"['Closed', 'Closed', '9a.m.–5:30p.m.', '9a.m.–5:30p.m.', '9a.m.–7p.m.', '9a.m.–5:30p.m.', '9a.m.–5:30p.m.']"
307,Mistys Unisex Hair Design,"18 Terenure Rd N, Terenure, Dublin, D6W XF59",53.3138327,-6.2825494,(01) 490 8027,None,4.6,"['Closed', '9a.m.–6p.m.', '9a.m.–6p.m.', '9a.m.–6p.m.', '9a.m.–7p.m.', '9a.m.–7p.m.', '9a.m.–6p.m.']"
308,Salon Furniture Store Ireland,None,None,None,083 184 3355,salonfurniturestore.co.uk,3.3,"['1p.m.–5a.m.', '10:30a.m.–4p.m.', '10:30a.m.–4p.m.', '10:30a.m.–4p.m.', '10:30a.m.–4p.m.', '10:30a.m.–4p.m.', '10:30a.m.–4p.m.']"
309,Q Salon by Queen,"Mitchel St, Lognafulla, Thurles, Co. Tipperary",52.6818162,-7.802284900000001,(0504) 91111,queen.ie,5.0,"['Closed', 'Closed', '1–5p.m.', '10a.m.–8p.m.', '10a.m.–6p.m.', '10a.m.–6p.m.', '9a.m.–6p.m.']"
310,Flair Hair & Beauty Supplies,None,None,None,(045) 898 501,flair.ie,4.5,"['Closed', '9a.m.–8p.m.', '9a.m.–5:30p.m.', '9a.m.–5:30p.m.', '9a.m.–5:30p.m.', '9a.m.–4p.m.', 'Closed']"
311,The Cutting Room,"1a Castle Crescent shopping centre, Monastery Road, Dublin 22, D22 A2K5",53.3212762,-6.3904602,(01) 403 7366,thecuttingroom.ie,5.0,[]
312,StyleParlor Salon Supplies,"27 Mitchel St, Nenagh South, Nenagh, Co. Tipperary",52.8633011,-8.2006751,(067) 57570,styleparlor.ie,5.0,"['Closed', '9a.m.–5:30p.m.', '9a.m.–5:30p.m.', '9a.m.–5:30p.m.', '9a.m.–5:30p.m.', '9a.m.–5:30p.m.', 'Closed']"
313,The Groom Room,"Maro House, Ireland, Old Blessington Rd, Dublin, D24 CKP2",53.2881355,-6.370057099999999,None,,4.8,[]
314,Mary Ryan Hair Salon,"Ballygriffin, Croom, Co. Limerick, V35 DK82",52.55087959999999,-8.6977655,(061) 397 652,None,4.9,"['Closed', 'Closed', '9a.m.–5:30p.m.', '9a.m.–5:30p.m.', '9a.m.–8p.m.', '9a.m.–8p.m.', '9a.m.–5:30p.m.']"
315,Jerrys Hair Studio,"Huguenot Quarter,, Carey's Lane,, Cork., Co. Cork",51.898736,-8.4736693,(021) 427 4986,None,4.9,[]
316,Core Beauty,"Old Bawn Shopping Centre, Old Bawn Rd, Tallaght, Dublin",53.2759343,-6.3538422,(01) 451 5226,None,4.8,"['Closed', '10a.m.–6p.m.', '10a.m.–6p.m.', '10a.m.–6p.m.', '10a.m.–8p.m.', '10a.m.–8p.m.', '10a.m.–5p.m.']"
317,Bankz Hair & Beauty,"Bank Place, Moneyballytyrrell, Portlaoise, Co. Laois",53.0355769,-7.299820599999999,(057) 862 0964,bankzhairgroup.ie,4.8,"['Closed', 'Closed', '9a.m.–6p.m.', '9a.m.–6p.m.', '9a.m.–8:30p.m.', '9a.m.–6p.m.', '9a.m.–5p.m.']"
318,Peter Mark Hairdressers Forestside Shopping Centre,"Forestside Shopping Centre, Belfast BT8 6FX, United Kingdom",54.5634623,-5.908904799999999,+44 28 9064 6490,petermark.ie,4.2,"['1–6p.m.', '9a.m.–6p.m.', '9a.m.–8p.m.', '9a.m.–9p.m.', '9a.m.–9p.m.', '9a.m.–9p.m.', '9a.m.–6p.m.']"
319,Ebano Hair and Beauty Glasnevin,"185 Botanic Rd, Glasnevin, Dublin, D09 A9C1",53.3724176,-6.2685765,(01) 837 3535,ebanohairandbeauty.ie,4.7,"['Closed', 'Closed', '10a.m.–9p.m.', '10a.m.–9p.m.', '9a.m.–9p.m.', '9a.m.–8p.m.', '9a.m.–6p.m.']"
320,Sinead's Hair Salon,"Ennis Rd, Clare Commons, Ennis, Co. Clare",52.8175857,-8.9695576,(065) 708 7442,sineadshairandbeauty.com,None,[]
321,Body Talk,"Level 3, The Square Shopping Centre, Tallaght, Co. Dublin, D24 Y74C",53.2865928,-6.3717012,(01) 462 3303,bodytalk.ie,3.7,"['12–6p.m.', '9:30a.m.–6p.m.', '9:30a.m.–6p.m.', '9:30a.m.–9p.m.', '9a.m.–9p.m.', '9a.m.–9p.m.', '9a.m.–6p.m.']"
322,Irish Hairdressers Federation,"Suite 1 4th Floor Marine Point, Belview Port, Co. Waterford, X91 W0XW",52.2666625,-7.037745200000001,(01) 910 9070,irishhairfed.com,4.8,"['Closed', '9a.m.–1p.m.', '9a.m.–1p.m.', '9a.m.–1p.m.', '9a.m.–1p.m.', '9a.m.–1p.m.', 'Closed']"
323,Rendy Hair & Beauty,"26, 24 Dame St, Dublin",53.3440501,-6.263935399999999,089 950 8350,facebook.com,4.5,"['Closed', 'Closed', '10a.m.–7p.m.', '10a.m.–7p.m.', '10a.m.–7p.m.', '10a.m.–7p.m.', '10a.m.–7p.m.']"
324,Salon Savers,"Unit 50 Canal Walk Parkwest Industrial Estate, Dublin 12",53.3315467,-6.359204699999999,(01) 620 5493,savers.ie,4.0,"['Closed', '9a.m.–5:30p.m.', '9a.m.–5:30p.m.', '9a.m.–5:30p.m.', '9a.m.–5:30p.m.', '9a.m.–5:30p.m.', 'Closed']"
325,The Hair and Beauty Company,None,None,None,(091) 773 011,thehairandbeautycompany.ie,4.5,"['Closed', '9a.m.–5:30p.m.', '9a.m.–5:30p.m.', '9a.m.–5:30p.m.', '9a.m.–5:30p.m.', '9a.m.–5:30p.m.', 'Closed']"
326,Salons.ie,"30 Wicklow St, Dublin, D02 Y037",53.3429404,-6.2613017,(01) 672 9281,salons.ie,None,[]
327,Laura's Hair,"7 Mill St, Cahernamart, Westport, Co. Mayo, F28 FK52",53.7982844,-9.5223549,(098) 29618,laurashair.ie,5.0,"['Closed', 'Closed', 'Closed', '9:30a.m.–6p.m.', '9:30a.m.–7p.m.', '9:30a.m.–9p.m.', '8:30a.m.–4p.m.']"
328,Chocolate Hair & Beauty Carrigaline,"Carrigaline Shopping Centre, Main St, Carrigaline Middle, Carrigaline, Co. Cork",51.81372289999999,-8.3925435,(021) 437 4056,chocolatehair.ie,4.5,"['Closed', 'Closed', '9:30a.m.–6p.m.', '9:30a.m.–6p.m.', '9:30a.m.–6p.m.', '9:30a.m.–8p.m.', '8a.m.–4p.m.']"
329,Total Haircare Rathfarnham Ltd,"1b Grange Road Retail Centre, Rathfarnham, Dublin",53.2770854,-6.2649059,(01) 493 9774,totalhaircare.ie,4.9,"['Closed', '9:30a.m.–5p.m.', '9a.m.–6p.m.', '9a.m.–9p.m.', '9a.m.–9p.m.', '9a.m.–8p.m.', '9a.m.–6p.m.']"
330,Reeb.,"129 Oliver Plunkett St, Centre, Cork, T12 XK6F",51.8984906,-8.468347099999999,(021) 239 0444,reeb.ie,4.9,"['Closed', '8a.m.–9p.m.', '8a.m.–9p.m.', '8a.m.–9p.m.', '8a.m.–9p.m.', '8a.m.–9p.m.', '7a.m.–8p.m.']"
331,Achill island hair salon,"Davitt quarter The sound Achill Island, Co. Mayo, F28 W9N7",53.9304368,-9.9254209,(098) 20627,None,None,[]
332,Amy & Siobhans Hair Salon,"29 St Mary St, Dungarvan, Co. Waterford",52.0879343,-7.621236000000001,(058) 44130,None,4.6,[]
333,Reflections Hair Salon,"Main St, Tulla, Co. Clare",52.8674556,-8.757470399999999,(065) 683 5070,None,5.0,[]
334,Ebano Ballinteer,"Ballinteer Shopping Centre, Unit 1-2 Ballinteer Ave, Ballinteer, Dublin 16",53.2744999,-6.2593424,(01) 298 7921,ebano.ie,4.8,"['Closed', 'Closed', '9a.m.–9p.m.', '9a.m.–9p.m.', '9a.m.–9p.m.', '9a.m.–6p.m.', '8a.m.–4p.m.']"
335,Terrisales Salon Supplies,None,None,None,(01) 451 6657,terrisales.ie,4.2,"['11a.m.–6p.m.', '9a.m.–6p.m.', '9a.m.–6p.m.', '9a.m.–6p.m.', '9a.m.–8p.m.', '9a.m.–6p.m.', '9a.m.–6p.m.']"
336,Colour Me Beautiful Tanning & Beauty,"Tamarisk Way, Tallaght, Dublin 24, D24 E3CP",53.3051068,-6.359655399999999,087 236 8579,None,4.9,"['Closed', '10a.m.–5p.m.', '10a.m.–5p.m.', '10a.m.–6p.m.', '10a.m.–8p.m.', '10a.m.–8p.m.', 'Closed']"
337,The Hair & Beauty Company,None,None,None,(090) 649 8604,thehairandbeautycompany.ie,4.8,"['Closed', '9:30a.m.–5:30p.m.', '9:30a.m.–5:30p.m.', '9:30a.m.–5:30p.m.', '9:30a.m.–5:30p.m.', '9:30a.m.–5:30p.m.', 'Closed']"
338,Zenith Hairdressing - Galway City,None,None,None,(091) 533 680,zenithhairdressing.ie,4.9,"['Closed', '9a.m.–6p.m.', '9a.m.–6p.m.', '9a.m.–6p.m.', '9a.m.–8p.m.', '9a.m.–8p.m.', '9a.m.–5:30p.m.']"
339,Velvet Hairdressing,"Unit 5b, Seapoint, Barna, Co. Galway, H91 AK84",53.2497686,-9.1510822,(091) 596 900,velvet.ie,4.7,"['Closed', 'Closed', '9:15a.m.–5:30p.m.', '9:15a.m.–7:30p.m.', '9:15a.m.–5:30p.m.', '9:15a.m.–5:30p.m.', '9a.m.–5p.m.']"
340,Chocolate Hair & Beauty Douglas,"Units 2/3 Broadale Commercial Centre, Maryborough Hill, Douglas, Cork",51.864395,-8.4124141,(021) 489 5089,chocolatehair.ie,4.5,"['Closed', 'Closed', '9:30a.m.–6p.m.', '9:30a.m.–6p.m.', '9a.m.–6p.m.', '9:30a.m.–8p.m.', '8a.m.–4p.m.']"
341,Tiger Lily Beauty Salon & Laser Clinic,"Eaton House, 5 Main St, Rathcoole, Co. Dublin, D24 WR28",53.2813962,-6.4705789,(01) 401 3634,tigerlilybeautysalon.ie,4.9,"['Closed', 'Closed', '9:30a.m.–6p.m.', '9:30a.m.–6p.m.', '9:30a.m.–9p.m.', '9:30a.m.–9p.m.', '9a.m.–5p.m.']"
342,Hairlough Barbers,"U1 Old Lock & Key Pub, Ninth Lock Rd, Dublin, D22 C820",28.3771857,-81.57074,(01) 457 6127,hairloughbarbers.ie,4.8,"['Closed', '9:30a.m.–6p.m.', '9:30a.m.–6p.m.', '9:30a.m.–6p.m.', '9:30a.m.–7:30p.m.', '9:30a.m.–7:30p.m.', '9a.m.–5:30p.m.']"
343,Fifty Shades nails & beauty,"Main St, Clondalkin, Co. Dublin",53.3207905,-6.393801799999999,087 462 4795,fiftyshadesdublin.eu,4.6,"['Closed', '9a.m.–6p.m.', '9a.m.–7p.m.', '9a.m.–7p.m.', '9a.m.–8p.m.', '9a.m.–8p.m.', '9a.m.–4p.m.']"
344,Stafford Hair,"671 Lisburn Rd, Belfast BT9 7GT, United Kingdom",54.5730469,-5.9593969,+44 28 9066 2554,wearestaffordhair.com,4.8,"['Closed', '9a.m.–6p.m.', '9a.m.–6p.m.', '9a.m.–6p.m.', '9a.m.–9p.m.', '9a.m.–6p.m.', '9a.m.–5p.m.']"
345,West End Salon,"84 West St, Downtown Drogheda, Drogheda, Co. Louth, A92 HCF8",53.71539319999999,-6.3544713,(041) 987 3636,westendsalon.ie,4.8,"['Closed', '10a.m.–6p.m.', '10a.m.–6p.m.', '10a.m.–6p.m.', '10a.m.–6p.m.', '10a.m.–6p.m.', '10a.m.–6p.m.']"
346,Flair Hair & Beauty Supplies,None,None,None,(01) 671 3239,flair.ie,4.4,"['Closed', '9a.m.–8p.m.', '9a.m.–5:30p.m.', '9a.m.–5:30p.m.', '9a.m.–5:30p.m.', '9a.m.–4p.m.', 'Closed']"
347,Sholin Beauty,"Unit 3, Courthouse Square, Westpark gate, Old Bawn Rd, Dublin 24",53.2874318,-6.362389299999999,(01) 414 0498,None,4.9,"['Closed', 'Closed', '8a.m.–6p.m.', '8a.m.–6p.m.', '8a.m.–6p.m.', '8a.m.–6p.m.', '8a.m.–6p.m.']"
348,Barnardos,"24 St. Dominic's Road, Tallaght, Dublin",53.2850365,-6.354178099999999,None,None,5.0,[]
349,Laser Hair Removal Ireland,None,None,None,(01) 401 3634,laserhairremovalireland.ie,None,"['Closed', '9:30a.m.–6p.m.', '9:30a.m.–6p.m.', '9:30a.m.–9p.m.', '9:30a.m.–9p.m.', '9:30a.m.–9p.m.', '10a.m.–6p.m.']"
350,Capital Hair & Beauty,None,None,None,(01) 836 9761,capitalhairandbeauty.ie,4.6,"['Closed', '9a.m.–5p.m.', '9a.m.–5p.m.', '9a.m.–5p.m.', '9a.m.–5p.m.', '9a.m.–5p.m.', 'Closed']"
351,Carshelles Beauty,"Mulcahy Keane Industrial Estate, Unit 1, Greenhills Rd, Dublin 12, D12 NW62",53.3149733,-6.3333243,(01) 409 7929,carshellesbeauty.ie,5.0,"['Closed', 'Closed', '9:30a.m.–6p.m.', '9:30a.m.–6p.m.', '10a.m.–8p.m.', '9:30a.m.–6p.m.', '9a.m.–5p.m.']"
352,Designer Cuts,None,None,None,089 961 8550,designercuts.ie,4.7,"['10a.m.–7a.m.', 'Closed', '11a.m.–7p.m.', '10a.m.–7p.m.', '10a.m.–7p.m.', '10a.m.–7:30p.m.', '10a.m.–7:30p.m.']"
353,Dublin Skin and Laser Clinic,None,None,None,,,4.9,"['Closed', 'Closed', '10a.m.–6p.m.', '10a.m.–6p.m.', '10a.m.–8p.m.', '10a.m.–8p.m.', '10a.m.–4p.m.']"
354,Aspens Beauty and Holistic College,"10 Glenlyon Grove, Bóthar Bhaile Uí Chuilinn, Knocklyon, Co. Dublin, D16 T1W0",53.2774304,-6.3301668,086 827 9001,aspensbeautycollege.ie,4.5,"['Closed', '11a.m.–7p.m.', '11a.m.–7p.m.', '11a.m.–7p.m.', '11a.m.–7p.m.', '11a.m.–7p.m.', '10a.m.–5p.m.']"
355,Treatwell IE,"70 Sir John Rogerson's Quay, Dublin Docklands, Dublin 2, D02 R296",53.345419,-6.234947600000001,None,treatwell.ie,2.7,"['Open 24 hours', 'Open 24 hours', 'Open 24 hours', 'Open 24 hours', 'Open 24 hours', 'Open 24 hours', 'Open 24 hours']"
356,Sinead's Hair Salon,"Quilty West, Quilty Village, Co. Clare",52.81725669999999,-9.4559219,(065) 708 7442,None,5.0,[]
357,Essensuals,"26 William St S, Dublin 2",53.3416557,-6.2630439,(01) 633 7712,toniandguy.ie,None,"['Closed', '9:30a.m.–6p.m.', '9:30a.m.–6p.m.', '9:30a.m.–8p.m.', '9:30a.m.–8p.m.', '9:30a.m.–8p.m.', '9a.m.–6p.m.']"
358,Ailesbury Hair Loss Clinic,None,None,None,(01) 676 0969,ailesburyhairclinic.ie,4.9,"['Closed', '9a.m.–6p.m.', '9a.m.–6p.m.', '9a.m.–6p.m.', '9a.m.–6p.m.', '9a.m.–6p.m.', 'Closed']"
359,Salon Shop Hair & Beauty Supplies,None,None,None,(021) 242 8033,salonshop.ie,4.2,"['1–5p.m.', '9a.m.–5p.m.', '9a.m.–5p.m.', '9a.m.–5p.m.', '9a.m.–5p.m.', '9a.m.–5p.m.', 'Closed']"
360,USA Nail And Beauty,"Bóthar an tSeanbhábhúin, Tamhlacht, Dublin 24",53.2867153,-6.3616623,(01) 451 5686,None,3.9,"['11a.m.–5:30p.m.', '9:30a.m.–7a.m.', '9:30a.m.–7p.m.', '9:30a.m.–7p.m.', '9:30a.m.–7:30p.m.', '9:30a.m.–7:30p.m.', '9:30a.m.–7p.m.']"
361,Vip Nails,"Unit 6,block 7,tallaght, High St, Dublin 24",53.2879855,-6.3653753,(01) 598 7682,None,4.1,[]
362,Galaxy Hair & Beauty,"Unit 9 The Harrison Centre, Roscommon",53.6311888,-8.1894742,(090) 663 4909,facebook.com,4.9,"['Closed', '9a.m.–6p.m.', '9a.m.–6p.m.', '9a.m.–6p.m.', '9a.m.–9p.m.', '9a.m.–9p.m.', '9a.m.–6p.m.']"
363,Terrisales Salon Supplies,None,None,None,(01) 811 5831,terrisales.ie,4.0,"['11a.m.–6p.m.', '9a.m.–6p.m.', '9a.m.–6p.m.', '9a.m.–6p.m.', '9a.m.–8p.m.', '9a.m.–6p.m.', '9a.m.–6p.m.']"
364,THE GRAFTON BARBER - Arnotts,"Arnotts Department Store, Abbey St, North City, Dublin 1",53.3491377,-6.2631308,(01) 805 0559,graftonbarbers.com,4.2,"['11a.m.–6p.m.', '10a.m.–6:30p.m.', '10a.m.–6:30p.m.', '10a.m.–6:30p.m.', '10a.m.–7p.m.', '10a.m.–6:30p.m.', '9a.m.–6p.m.']"
365,"Colours Hair, Nail & Make up Boutique","The Square, Mount Oval Village, Cork, T12 YA38",51.8698477,-8.4072564,(021) 436 6635,colourshairteam.ie,4.9,"['Closed', '8a.m.–5p.m.', '9a.m.–8p.m.', '9a.m.–6p.m.', '8a.m.–8p.m.', '9a.m.–6p.m.', '8a.m.–3:30p.m.']"
366,Thérapie Clinic,None,None,None,1890 650 750,therapieclinic.com,5.0,"['11a.m.–6p.m.', '9a.m.–6p.m.', '9a.m.–6p.m.', '9a.m.–9p.m.', '9a.m.–9p.m.', '9a.m.–9p.m.', '9a.m.–6p.m.']"
367,Knights of the Green,"106, Stephens Green Shopping Centre, Dublin 2",53.340004,-6.2622729,(01) 478 0283,knightsbarbers.com,4.5,"['11a.m.–6p.m.', '9a.m.–6p.m.', '9a.m.–6p.m.', '9a.m.–6p.m.', '9a.m.–7p.m.', '9a.m.–7p.m.', '8:30a.m.–6p.m.']"
368,Capital Hair & Beauty,None,None,None,(01) 408 9022,capitalhairandbeauty.ie,4.3,"['1–5p.m.', '9a.m.–8p.m.', '9a.m.–5p.m.', '9a.m.–5p.m.', '9a.m.–8p.m.', '9a.m.–5p.m.', 'Closed']"
369,Mimis Freelance Wedding and Occasion Hair,None,None,None,087 634 5458,m.facebook.com,5.0,"['Closed', 'Closed', '9a.m.–5a.m.', '9a.m.–5p.m.', '9a.m.–5p.m.', '9a.m.–5p.m.', '9a.m.–4p.m.']"
370,Hive Salon Software,"3015, Synergy Global, National Digital Park, Lake Dr, Citywest, Dublin",53.2902885,-6.4232628,(01) 901 0342,hivesalonsoftware.com,3.7,"['Closed', '9a.m.–5:30p.m.', '9a.m.–5:30p.m.', '9a.m.–5:30p.m.', '9a.m.–5:30p.m.', '9a.m.–5:30p.m.', 'Closed']"
371,Hair Design & Beauty Salon,None,None,None,087 168 1028,None,3.6,[]
372,Magnetic Bobbie Nails Academy-Athlone Ireland,"Unit 22 Irishtown, Athlone, Co. Westmeath, N37 R5F9",53.4222488,-7.9338287,086 073 7181,bobbienails.simplybook.it,5.0,"['Closed', 'Closed', '8a.m.–7:30p.m.', '8a.m.–7:30p.m.', '8a.m.–7:30p.m.', '8a.m.–7:30p.m.', '8a.m.–7:30p.m.']"
373,Rob's Barber Shop,"Priors Gate, Greenhills Rd, extension, Tallaght, Co. Dublin",53.28725069999999,-6.3558729,,,5.0,"['Closed', 'Closed', '2–8p.m.', '2–8p.m.', '2–8p.m.', '2–8p.m.', '2–6p.m.']"
374,Butterfly Effect Permanent Makeup Dublin Ireland,None,None,None,089 475 1746,bepermanentmakeup.ie,4.6,"['Closed', '9a.m.–7p.m.', '9a.m.–7p.m.', '9a.m.–7p.m.', '9a.m.–8p.m.', '9a.m.–8p.m.', '9a.m.–5p.m.']"
375,Turkish Barbers,"The Plaza Complex, Unit 1, Belgard Rd, Tallaght, Dublin, D24 P9CC",53.2859328,-6.3673799,(01) 458 5563,business.site,4.6,"['11a.m.–6p.m.', '9:30a.m.–7p.m.', '9:30a.m.–7p.m.', '9:30a.m.–7p.m.', '9:30a.m.–7p.m.', '9:30a.m.–7p.m.', '9:30a.m.–7p.m.']"
376,StyleParlor Salon Supplies,"Unit 4 Waterford Business park, Cork road, Waterford",52.246367,-7.158225,1890 123 123,styleparlor.ie,4.7,"['Closed', '9a.m.–6p.m.', '9a.m.–6p.m.', '9a.m.–7p.m.', '9a.m.–6p.m.', '9a.m.–5p.m.', 'Closed']"
377,Salon Services,None,None,None,(01) 460 9960,salon-services.com,4.2,"['12–4p.m.', '8:30a.m.–5:30p.m.', '8:30a.m.–5:30p.m.', '8:30a.m.–5:30p.m.', '8:30a.m.–5:30p.m.', '8:30a.m.–5:30p.m.', 'Closed']"
378,David's barber shop,"Gort Mhuire, Garter Ln, Main Street, Moneyatta Commons, Saggart, Co. Dublin, D24 NX6T",53.2803871,-6.4435872,087 312 6728,facebook.com,4.9,"['Closed', 'Closed', '9:30a.m.–6p.m.', '9:30a.m.–6p.m.', '9:30a.m.–6p.m.', '9:30a.m.–6p.m.', '9:30a.m.–5p.m.']"
379,Irish Hairdressers Federation,"33 St Patrick's St, Centre, Cork",51.8985193,-8.4720702,(056) 883 3808,irishhairfed.com,None,[]
380,Smiley's Turkish Barber Kimmage,"118 Sundrive Rd, Kimmage, Dublin, D12 W5FY",53.3233583,-6.2956074,(01) 492 7011,smileysbarber.com,4.6,"['10a.m.–3p.m.', '9:30a.m.–7p.m.', '9:30a.m.–7p.m.', '9:30a.m.–7p.m.', '9:30a.m.–8p.m.', '9a.m.–7p.m.', '9a.m.–6p.m.']"
381,The Hair & Beauty Company,None,None,None,(091) 534 859,thehairandbeautycompany.ie,4.1,"['Closed', '9:30a.m.–6p.m.', '9:30a.m.–6p.m.', '9:30a.m.–6p.m.', '9:30a.m.–6p.m.', '9:30a.m.–6p.m.', '9:30a.m.–6p.m.']"
382,Hairloss Ireland,"60 Monksfield Grove, Knockmitten, Dublin 22, D22 W667",53.32194759999999,-6.3744586,085 130 2716,None,None,[]
383,THE GRAFTON BARBER - Leopardstown,"Leopardstown Shopping Centre, 2A, Dublin",53.2592565,-6.196853099999999,(01) 294 0978,graftonbarbers.com,4.4,"['Closed', '9:30a.m.–6:30p.m.', '9:30a.m.–6:30p.m.', '9:30a.m.–6:30p.m.', '9:30a.m.–7:30p.m.', '9:30a.m.–6:30p.m.', '9a.m.–6p.m.']"
384,Crazy SCISSORS,"Coolfan Cottages, 1 Old Naas Rd, Bluebell, Dublin",53.3276796,-6.3454422,087 172 5371,None,4.9,[]
385,The Village Barber,None,None,None,(01) 497 4517,fresha.com,4.6,"['Closed', '9a.m.–6:30p.m.', '9a.m.–6:30p.m.', '9a.m.–6:30p.m.', '9a.m.–6:30p.m.', '9a.m.–6:30p.m.', '9a.m.–5:30p.m.']"
386,Capital Hair & Beauty,None,None,None,(061) 294 580,capitalhairandbeauty.ie,4.6,"['1–5p.m.', '9a.m.–5p.m.', '9a.m.–5p.m.', '9a.m.–5p.m.', '9a.m.–5p.m.', '9a.m.–5p.m.', 'Closed']"
